﻿姓名,url
Akhil Garg,https://mse.hust.edu.cn/info/1151/1542.htm
白坤,https://mse.hust.edu.cn/info/1142/1325.htm
白龙,https://mse.hust.edu.cn/info/1149/1515.htm
布天昭,https://mse.hust.edu.cn/info/1142/13650.htm
曹树平,https://mse.hust.edu.cn/info/1150/1522.htm
陈立平,https://mse.hust.edu.cn/info/1144/1409.htm
陈钢,https://mse.hust.edu.cn/info/1144/1400.htm
陈继勇,https://mse.hust.edu.cn/info/1144/1407.htm
陈永府,https://mse.hust.edu.cn/info/1144/1394.htm
程远雄,https://mse.hust.edu.cn/info/1147/1455.htm
程敏,https://mse.hust.edu.cn/info/1147/1471.htm
陈修国,https://mse.hust.edu.cn/info/1148/1495.htm
陈冰,https://mse.hust.edu.cn/info/1145/1425.htm
陈吉红,https://mse.hust.edu.cn/info/1145/1434.htm
陈於学,https://mse.hust.edu.cn/info/1149/1511.htm
陈文斌,https://mse.hust.edu.cn/info/1142/1334.htm
曹颖,https://mse.hust.edu.cn/info/1152/1557.htm
曹淮,https://mse.hust.edu.cn/info/1152/1553.htm
陈建魁,https://mse.hust.edu.cn/info/1142/1341.htm
陈蓉,https://mse.hust.edu.cn/info/1142/1327.htm
陈学东,https://mse.hust.edu.cn/info/1142/1335.htm
陈明祥,https://mse.hust.edu.cn/info/1146/1446.htm
常素萍,https://mse.hust.edu.cn/info/1149/1502.htm
陈良洲,https://mse.hust.edu.cn/info/1149/1509.htm
陈雪,https://mse.hust.edu.cn/info/1152/1556.htm
曹坤,https://mse.hust.edu.cn/info/1142/1354.htm
崔岩,https://mse.hust.edu.cn/info/1150/1529.htm
陈韡,https://mse.hust.edu.cn/info/1149/13671.htm
杜经民,https://mse.hust.edu.cn/info/1150/1526.htm
丁建完,https://mse.hust.edu.cn/info/1144/1398.htm
邓超,https://mse.hust.edu.cn/info/1143/1363.htm
董敏钦,https://mse.hust.edu.cn/info/1144/1403.htm
丁汉,https://mse.hust.edu.cn/info/1142/1346.htm
邓建春,https://mse.hust.edu.cn/info/1143/1390.htm
段永青,https://mse.hust.edu.cn/info/1142/1356.htm
付艳,https://mse.hust.edu.cn/info/1151/1538.htm
傅晓云,https://mse.hust.edu.cn/info/1150/1531.htm
冯搏,https://mse.hust.edu.cn/info/1149/1514.htm
高隆隆,https://mse.hust.edu.cn/info/1150/1516.htm
高峻峰,https://mse.hust.edu.cn/info/1144/1408.htm
龚时华,https://mse.hust.edu.cn/info/1143/1373.htm
高亮,https://mse.hust.edu.cn/info/1143/1387.htm
管在林,https://mse.hust.edu.cn/info/1143/1380.htm
郭家杰,https://mse.hust.edu.cn/info/1142/1344.htm
甘志银,https://mse.hust.edu.cn/info/1146/1443.htm
甘艳,https://mse.hust.edu.cn/info/1152/1560.htm
谷洪刚,https://mse.hust.edu.cn/info/1148/1489.htm
龚泽宇,https://mse.hust.edu.cn/info/1142/10574.htm
郭维,https://mse.hust.edu.cn/info/1143/12211.htm
高远,https://mse.hust.edu.cn/info/1142/12992.htm
耿韶宁,https://mse.hust.edu.cn/info/1143/13646.htm
高艺平,https://mse.hust.edu.cn/info/1151/14558.htm
黄金国,https://mse.hust.edu.cn/info/1151/1539.htm
贺小峰,https://mse.hust.edu.cn/info/1150/1530.htm
黄其柏,https://mse.hust.edu.cn/info/1147/1457.htm
何建英,https://mse.hust.edu.cn/info/1147/1456.htm
黄正东,https://mse.hust.edu.cn/info/1144/1396.htm
何岭松,https://mse.hust.edu.cn/info/1149/1499.htm
黄禹,https://mse.hust.edu.cn/info/1143/1367.htm
黄朝晖,https://mse.hust.edu.cn/info/1152/1552.htm
贺松平,https://mse.hust.edu.cn/info/1143/1370.htm
黄永安,https://mse.hust.edu.cn/info/1142/1329.htm
胡友民,https://mse.hust.edu.cn/info/1148/1478.htm
胡蓉珍,https://mse.hust.edu.cn/info/1152/1558.htm
何心,https://mse.hust.edu.cn/info/1152/1555.htm
韩斌,https://mse.hust.edu.cn/info/1142/1353.htm
黄涛,https://mse.hust.edu.cn/info/1142/1358.htm
冀晶晶,https://mse.hust.edu.cn/info/1142/1330.htm
金健,https://mse.hust.edu.cn/info/1145/1428.htm
蒋平,https://mse.hust.edu.cn/info/1143/1377.htm
季茜,https://mse.hust.edu.cn/info/1152/1545.htm
江浩,https://mse.hust.edu.cn/info/1148/1496.htm
姜伟,https://mse.hust.edu.cn/info/1142/1350.htm
蒋琛,https://mse.hust.edu.cn/info/1147/13429.htm
康宜华,https://mse.hust.edu.cn/info/1149/1510.htm
刘晓军,https://mse.hust.edu.cn/info/1149/1512.htm
卢文龙,https://mse.hust.edu.cn/info/1149/1508.htm
刘世平,https://mse.hust.edu.cn/info/1147/1462.htm
凌玲,https://mse.hust.edu.cn/info/1147/1467.htm
李世其,https://mse.hust.edu.cn/info/1151/1534.htm
刘竞,https://mse.hust.edu.cn/info/1151/1537.htm
刘怀兰,https://mse.hust.edu.cn/info/1151/1532.htm
李喜秋,https://mse.hust.edu.cn/info/1147/1466.htm
李宝仁,https://mse.hust.edu.cn/info/1150/1520.htm
刘银水,https://mse.hust.edu.cn/info/1150/1527.htm
罗小辉,https://mse.hust.edu.cn/info/1150/1525.htm
刘清华,https://mse.hust.edu.cn/info/1144/1391.htm
刘云华,https://mse.hust.edu.cn/info/1144/1401.htm
罗年猛,https://mse.hust.edu.cn/info/1144/1397.htm
李曦,https://mse.hust.edu.cn/info/1145/1416.htm
刘红奇,https://mse.hust.edu.cn/info/1145/1417.htm
李小平,https://mse.hust.edu.cn/info/1143/1374.htm
李新宇,https://mse.hust.edu.cn/info/1143/1379.htm
刘琼,https://mse.hust.edu.cn/info/1143/1369.htm
龙韧,https://mse.hust.edu.cn/info/1152/1550.htm
刘心雄,https://mse.hust.edu.cn/info/1152/1543.htm
雷田,https://mse.hust.edu.cn/info/1152/1549.htm
李善德,https://mse.hust.edu.cn/info/1147/1458.htm
李文龙,https://mse.hust.edu.cn/info/1142/1340.htm
刘伦洪,https://mse.hust.edu.cn/info/1147/1472.htm
李小清,https://mse.hust.edu.cn/info/1142/1343.htm
罗欣,https://mse.hust.edu.cn/info/1142/1349.htm
刘世元,https://mse.hust.edu.cn/info/1148/1484.htm
廖广兰,https://mse.hust.edu.cn/info/1148/1485.htm
李锡文,https://mse.hust.edu.cn/info/1148/1476.htm
来五星,https://mse.hust.edu.cn/info/1148/1482.htm
李培根,https://mse.hust.edu.cn/info/1143/1383.htm
刘胜,https://mse.hust.edu.cn/info/1146/1448.htm
李立,https://mse.hust.edu.cn/info/1147/1469.htm
李好,https://mse.hust.edu.cn/info/1151/1541.htm
梁杰俊一,https://mse.hust.edu.cn/info/1142/1352.htm
刘潇,https://mse.hust.edu.cn/info/1142/1359.htm
李益群,https://mse.hust.edu.cn/info/1142/1360.htm
刘智勇,https://mse.hust.edu.cn/info/1148/1487.htm
龙胡,https://mse.hust.edu.cn/info/1148/10009.htm
厉侃,https://mse.hust.edu.cn/info/1142/11317.htm
李祥飞,https://mse.hust.edu.cn/info/1142/13581.htm
刘喆倩,https://mse.hust.edu.cn/info/1152/13673.htm
刘长清,https://mse.hust.edu.cn/info/1148/14115.htm
李鹏,https://mse.hust.edu.cn/info/1149/14274.htm
李敏,https://mse.hust.edu.cn/info/1142/14315.htm
毛宽民,https://mse.hust.edu.cn/info/1147/1459.htm
马修泉,https://mse.hust.edu.cn/info/1143/1368.htm
毛新勇,https://mse.hust.edu.cn/info/1145/1412.htm
马波,https://mse.hust.edu.cn/info/1149/12501.htm
彭江英,https://mse.hust.edu.cn/info/1147/1454.htm
彭芳瑜,https://mse.hust.edu.cn/info/1145/1438.htm
彭义兵,https://mse.hust.edu.cn/info/1146/1442.htm
邱浩波,https://mse.hust.edu.cn/info/1143/1378.htm
邱赤炼,https://mse.hust.edu.cn/info/1152/1554.htm
阮春红,https://mse.hust.edu.cn/info/1147/1461.htm
饶运清,https://mse.hust.edu.cn/info/1143/1382.htm
荣佑民,https://mse.hust.edu.cn/info/1143/12195.htm
宋宝,https://mse.hust.edu.cn/info/1145/1419.htm
孙燕华,https://mse.hust.edu.cn/info/1149/1503.htm
施松新,https://mse.hust.edu.cn/info/1143/1386.htm
孙容磊,https://mse.hust.edu.cn/info/1142/1339.htm
史铁林,https://mse.hust.edu.cn/info/1148/1481.htm
邵新宇,https://mse.hust.edu.cn/info/1143/1381.htm
沈卫明,https://mse.hust.edu.cn/info/1143/1385.htm
舒乐时,https://mse.hust.edu.cn/info/1143/12468.htm
 唐群国,https://mse.hust.edu.cn/info/1150/1519.htm
 唐立新,https://mse.hust.edu.cn/info/1149/1505.htm
 陶波,https://mse.hust.edu.cn/info/1142/1328.htm
 汤自荣,https://mse.hust.edu.cn/info/1148/1480.htm
 唐晓群,https://mse.hust.edu.cn/info/1150/1517.htm
 唐斌,https://mse.hust.edu.cn/info/1152/1544.htm
 唐小卫,https://mse.hust.edu.cn/info/1145/1436.htm
王健,https://mse.hust.edu.cn/info/1149/1507.htm
王峻峰,https://mse.hust.edu.cn/info/1151/1535.htm
万立,https://mse.hust.edu.cn/info/1144/1395.htm
吴昌林,https://mse.hust.edu.cn/info/1147/1465.htm
魏迎军,https://mse.hust.edu.cn/info/1147/1468.htm
王波兴,https://mse.hust.edu.cn/info/1144/1392.htm
王启富,https://mse.hust.edu.cn/info/1144/1404.htm
王书亭,https://mse.hust.edu.cn/info/1144/1406.htm
吴义忠,https://mse.hust.edu.cn/info/1144/1399.htm
吴豪,https://mse.hust.edu.cn/info/1142/1347.htm
王平江,https://mse.hust.edu.cn/info/1145/1423.htm
王晓宇,https://mse.hust.edu.cn/info/1145/1433.htm
吴磊,https://mse.hust.edu.cn/info/1152/1547.htm
武新军,https://mse.hust.edu.cn/info/1149/1506.htm
吴波,https://mse.hust.edu.cn/info/1148/1492.htm
吴志刚,https://mse.hust.edu.cn/info/1142/1348.htm
汪学方,https://mse.hust.edu.cn/info/1146/1444.htm
吴德发,https://mse.hust.edu.cn/info/1150/1521.htm
王学林,https://mse.hust.edu.cn/info/1147/1474.htm
吴景铼,https://mse.hust.edu.cn/info/1144/1411.htm
王俊亚,https://mse.hust.edu.cn/info/1149/10959.htm
吴从义,https://mse.hust.edu.cn/info/1143/12194.htm
吴九林,https://mse.hust.edu.cn/info/1142/14537.htm
夏凉,https://mse.hust.edu.cn/info/1148/1486.htm
熊体凡,https://mse.hust.edu.cn/info/1144/1405.htm
肖峻峰,https://mse.hust.edu.cn/info/1146/1450.htm
向华,https://mse.hust.edu.cn/info/1145/1441.htm
谢经明,https://mse.hust.edu.cn/info/1145/1415.htm
徐江,https://mse.hust.edu.cn/info/1149/1500.htm
肖蜜,https://mse.hust.edu.cn/info/1151/1536.htm
熊良山,https://mse.hust.edu.cn/info/1143/1389.htm
轩建平,https://mse.hust.edu.cn/info/1148/1494.htm
熊良才,https://mse.hust.edu.cn/info/1148/1493.htm
熊烽,https://mse.hust.edu.cn/info/1148/1475.htm
夏奇,https://mse.hust.edu.cn/info/1148/1483.htm
熊蔡华,https://mse.hust.edu.cn/info/1142/1324.htm
熊有伦,https://mse.hust.edu.cn/info/1142/1326.htm
许剑锋,https://mse.hust.edu.cn/info/1142/1338.htm
夏兆辉,https://mse.hust.edu.cn/info/1144/1410.htm
谢远龙,https://mse.hust.edu.cn/info/1144/10008.htm
谢斌,https://mse.hust.edu.cn/info/1146/12053.htm
许光达,https://mse.hust.edu.cn/info/1145/12470.htm
肖鸣飞,https://mse.hust.edu.cn/info/1149/14551.htm
尤政,https://mse.hust.edu.cn/info/1149/10513.htm
杨钢,https://mse.hust.edu.cn/info/1150/1518.htm
鄢来祥,https://mse.hust.edu.cn/info/1147/1452.htm
杨曙东,https://mse.hust.edu.cn/info/1150/1523.htm
闫蓉,https://mse.hust.edu.cn/info/1145/1439.htm
严思杰,https://mse.hust.edu.cn/info/1145/1427.htm
杨建中,https://mse.hust.edu.cn/info/1145/1421.htm
叶伯生,https://mse.hust.edu.cn/info/1145/1430.htm
余文勇,https://mse.hust.edu.cn/info/1145/1440.htm
袁楚明,https://mse.hust.edu.cn/info/1145/1431.htm
易朋兴,https://mse.hust.edu.cn/info/1148/1479.htm
杨叔子,https://mse.hust.edu.cn/info/1148/1491.htm
杨华,https://mse.hust.edu.cn/info/1142/1332.htm
杨文玉,https://mse.hust.edu.cn/info/1142/1333.htm
尹周平,https://mse.hust.edu.cn/info/1142/1331.htm
杨吉祥,https://mse.hust.edu.cn/info/1142/1357.htm
叶冬,https://mse.hust.edu.cn/info/1142/1355.htm
杨帆,https://mse.hust.edu.cn/info/1142/1362.htm
叶畅,https://mse.hust.edu.cn/info/1146/10504.htm
张新宝,https://mse.hust.edu.cn/info/1149/1498.htm
赵斌,https://mse.hust.edu.cn/info/1149/1501.htm
张俐,https://mse.hust.edu.cn/info/1147/1460.htm
周培源,https://mse.hust.edu.cn/info/1151/1540.htm
朱碧海,https://mse.hust.edu.cn/info/1150/1524.htm
赵欢,https://mse.hust.edu.cn/info/1142/1342.htm
张云清,https://mse.hust.edu.cn/info/1144/1402.htm
赵建军,https://mse.hust.edu.cn/info/1144/1393.htm
张小俭,https://mse.hust.edu.cn/info/1142/1345.htm
张代林,https://mse.hust.edu.cn/info/1145/1420.htm
张冈,https://mse.hust.edu.cn/info/1145/1414.htm
周会成,https://mse.hust.edu.cn/info/1145/1432.htm
朱志红,https://mse.hust.edu.cn/info/1145/1422.htm
张国军,https://mse.hust.edu.cn/info/1143/1364.htm
朱国力,https://mse.hust.edu.cn/info/1143/1372.htm
朱志娟,https://mse.hust.edu.cn/info/1152/1546.htm
朱端振,https://mse.hust.edu.cn/info/1152/1559.htm
张超勇,https://mse.hust.edu.cn/info/1143/1376.htm
朱海平,https://mse.hust.edu.cn/info/1143/1371.htm
曾理湛,https://mse.hust.edu.cn/info/1142/1337.htm
张传维,https://mse.hust.edu.cn/info/1148/1477.htm
张琴,https://mse.hust.edu.cn/info/1142/1336.htm
张小明,https://mse.hust.edu.cn/info/1142/1351.htm
朱福龙,https://mse.hust.edu.cn/info/1146/1445.htm
周向东,https://mse.hust.edu.cn/info/1145/1418.htm
周莉萍,https://mse.hust.edu.cn/info/1149/1504.htm
周济,https://mse.hust.edu.cn/info/1145/1426.htm
詹小斌,https://mse.hust.edu.cn/info/1148/1490.htm
张建国,https://mse.hust.edu.cn/info/1146/1451.htm
周新平,https://mse.hust.edu.cn/info/1150/1528.htm
翟文正,https://mse.hust.edu.cn/info/1149/1513.htm
张新访,https://mse.hust.edu.cn/info/1143/1384.htm
赵兴炜,https://mse.hust.edu.cn/info/1142/1361.htm
朱金龙,https://mse.hust.edu.cn/info/1148/1488.htm
曾祥瑞,https://mse.hust.edu.cn/info/1142/10006.htm
张春江,https://mse.hust.edu.cn/info/1151/10572.htm
曾芬芳,https://mse.hust.edu.cn/info/1146/10968.htm
张东,https://mse.hust.edu.cn/info/1142/11067.htm
张帆,https://mse.hust.edu.cn/info/1142/11319.htm
张飞,https://mse.hust.edu.cn/info/1150/12201.htm
