﻿姓名,url
吴伟,http://dscx.yjs.nchu.edu.cn/homepage/288.html
邹文栋,http://dscx.yjs.nchu.edu.cn/homepage/97.html
伏燕军,http://dscx.yjs.nchu.edu.cn/homepage/101.html
吴涛,http://dscx.yjs.nchu.edu.cn/homepage/299.html
李凤,http://dscx.yjs.nchu.edu.cn/homepage/376.html
程强强,http://dscx.yjs.nchu.edu.cn/homepage/479.html
吴伟,http://dscx.yjs.nchu.edu.cn/homepage/288.html
邹文栋,http://dscx.yjs.nchu.edu.cn/homepage/97.html
伏燕军,http://dscx.yjs.nchu.edu.cn/homepage/101.html
吴涛,http://dscx.yjs.nchu.edu.cn/homepage/299.html
李凤,http://dscx.yjs.nchu.edu.cn/homepage/376.html
程强强,http://dscx.yjs.nchu.edu.cn/homepage/479.html
胡博,http://dscx.yjs.nchu.edu.cn/homepage/298.html
张余宝,http://dscx.yjs.nchu.edu.cn/homepage/428.html
陈尧,http://dscx.yjs.nchu.edu.cn/homepage/491.html
段军红,http://dscx.yjs.nchu.edu.cn/homepage/100.html
袁丽华,http://dscx.yjs.nchu.edu.cn/homepage/285.html
刘娟,http://dscx.yjs.nchu.edu.cn/homepage/378.html
张华明,http://dscx.yjs.nchu.edu.cn/homepage/481.html
陈振华,http://dscx.yjs.nchu.edu.cn/homepage/283.html
江光裕,http://dscx.yjs.nchu.edu.cn/homepage/444.html
宋凯,http://dscx.yjs.nchu.edu.cn/homepage/284.html
刘彬,http://dscx.yjs.nchu.edu.cn/homepage/377.html
李志农,http://dscx.yjs.nchu.edu.cn/homepage/291.html
石文泽,http://dscx.yjs.nchu.edu.cn/homepage/489.html
万生鹏,http://dscx.yjs.nchu.edu.cn/homepage/103.html
黄彦,http://dscx.yjs.nchu.edu.cn/homepage/443.html
张聪炫,http://dscx.yjs.nchu.edu.cn/homepage/300.html
方利华,http://dscx.yjs.nchu.edu.cn/homepage/95.html
何兴道,http://dscx.yjs.nchu.edu.cn/homepage/98.html
常俊杰,http://dscx.yjs.nchu.edu.cn/homepage/286.html
任尚坤,http://dscx.yjs.nchu.edu.cn/homepage/293.html
邬冠华,http://dscx.yjs.nchu.edu.cn/homepage/294.html
夏桂锁,http://dscx.yjs.nchu.edu.cn/homepage/296.html
曾吉勇,http://dscx.yjs.nchu.edu.cn/homepage/584.html
肖慧荣,http://dscx.yjs.nchu.edu.cn/homepage/104.html
陈兵芽,http://dscx.yjs.nchu.edu.cn/homepage/287.html
陆铭慧,http://dscx.yjs.nchu.edu.cn/homepage/292.html
于润桥,http://dscx.yjs.nchu.edu.cn/homepage/295.html
郭广平,http://dscx.yjs.nchu.edu.cn/homepage/639.html
陶春虎,http://dscx.yjs.nchu.edu.cn/homepage/646.html
张路根,http://dscx.yjs.nchu.edu.cn/homepage/647.html
梁菁,http://dscx.yjs.nchu.edu.cn/homepage/649.html
何玉怀,http://dscx.yjs.nchu.edu.cn/homepage/653.html
郑晖,http://dscx.yjs.nchu.edu.cn/homepage/656.html
廉德良,http://dscx.yjs.nchu.edu.cn/homepage/659.html
罗更生,http://dscx.yjs.nchu.edu.cn/homepage/662.html
盛江,http://dscx.yjs.nchu.edu.cn/homepage/665.html
刘昌奎,http://dscx.yjs.nchu.edu.cn/homepage/667.html
王俊涛,http://dscx.yjs.nchu.edu.cn/homepage/668.html
刘松平,http://dscx.yjs.nchu.edu.cn/homepage/673.html
史久林,http://dscx.yjs.nchu.edu.cn/homepage/689.html
郝中骐,http://dscx.yjs.nchu.edu.cn/homepage/735.html
杜海伟,http://dscx.yjs.nchu.edu.cn/homepage/736.html
郭状,http://dscx.yjs.nchu.edu.cn/homepage/737.html
崔西明,http://dscx.yjs.nchu.edu.cn/homepage/738.html
熊启亮,http://dscx.yjs.nchu.edu.cn/homepage/739.html
陈曦,http://dscx.yjs.nchu.edu.cn/homepage/740.html
揭丽琳,http://dscx.yjs.nchu.edu.cn/homepage/741.html
石环环,http://dscx.yjs.nchu.edu.cn/homepage/742.html
