﻿姓名,url
李言,https://jyxy.xaut.edu.cn/info/1108/1146.htm
华灯鑫,https://jyxy.xaut.edu.cn/info/1108/1152.htm
刘凯,https://jyxy.xaut.edu.cn/info/1108/1140.htm
崔亚辉,https://jyxy.xaut.edu.cn/info/1108/1157.htm
焦明星,https://jyxy.xaut.edu.cn/info/1108/1145.htm
张广鹏,https://jyxy.xaut.edu.cn/info/1108/1149.htm
李淑娟,https://jyxy.xaut.edu.cn/info/1108/1151.htm
高峰,https://jyxy.xaut.edu.cn/info/1108/1162.htm
郑建明,https://jyxy.xaut.edu.cn/info/1108/1161.htm
穆安乐,https://jyxy.xaut.edu.cn/info/1108/1144.htm
吕延军,https://jyxy.xaut.edu.cn/info/1108/1681.htm
高新勤,https://jyxy.xaut.edu.cn/info/1108/1139.htm
孔令飞,https://jyxy.xaut.edu.cn/info/1108/1142.htm
李鹏飞,https://jyxy.xaut.edu.cn/info/1179/1082.htm
王雯,https://jyxy.xaut.edu.cn/info/1108/1150.htm
狄慧鸽,https://jyxy.xaut.edu.cn/info/1108/1166.htm
李鹏阳,https://jyxy.xaut.edu.cn/info/1108/1147.htm
吉晓民,https://jyxy.xaut.edu.cn/info/1108/1141.htm
周春国,https://jyxy.xaut.edu.cn/info/1179/1120.htm
王慧武,https://jyxy.xaut.edu.cn/info/1179/1131.htm
杨军良,https://jyxy.xaut.edu.cn/info/1179/1119.htm
王建平,https://jyxy.xaut.edu.cn/info/1179/1110.htm
吴子英,https://jyxy.xaut.edu.cn/info/1179/1091.htm
李德信,https://jyxy.xaut.edu.cn/info/1179/1114.htm
杨静,https://jyxy.xaut.edu.cn/info/1179/1088.htm
王凯,https://jyxy.xaut.edu.cn/info/1179/1129.htm
王世军,https://jyxy.xaut.edu.cn/info/1179/1133.htm
史恩秀,https://jyxy.xaut.edu.cn/info/1179/1111.htm
杨明顺,https://jyxy.xaut.edu.cn/info/1179/1093.htm
李艳,https://jyxy.xaut.edu.cn/info/1179/1109.htm
袁启龙,https://jyxy.xaut.edu.cn/info/1179/1080.htm
杨世强,https://jyxy.xaut.edu.cn/info/1179/1086.htm
汤奥斐,https://jyxy.xaut.edu.cn/info/1179/1099.htm
刘丽兰,https://jyxy.xaut.edu.cn/info/1179/1096.htm
原园,https://jyxy.xaut.edu.cn/info/1108/3312.htm
赵桐,https://jyxy.xaut.edu.cn/info/1108/2221.htm
杨新刚,https://jyxy.xaut.edu.cn/info/1179/1104.htm
王权岱,https://jyxy.xaut.edu.cn/info/1108/2201.htm
庞辉,https://jyxy.xaut.edu.cn/info/1108/2825.htm
张延超,https://jyxy.xaut.edu.cn/info/1108/2819.htm
刘永,https://jyxy.xaut.edu.cn/info/1179/1108.htm
刘迎伟,https://jyxy.xaut.edu.cn/info/1179/1094.htm
郭伟超,https://jyxy.xaut.edu.cn/info/1179/1087.htm
魏锋涛,https://jyxy.xaut.edu.cn/info/1179/1136.htm
喻明浩,https://jyxy.xaut.edu.cn/info/1108/3296.htm
张东亚,https://jyxy.xaut.edu.cn/info/1179/2805.htm
杜进辅,https://jyxy.xaut.edu.cn/info/1179/1981.htm
毛锦,https://jyxy.xaut.edu.cn/info/1179/1983.htm
税琳棋,https://jyxy.xaut.edu.cn/info/1179/1984.htm
肖旭东,https://jyxy.xaut.edu.cn/info/1179/1986.htm
赵仁峰,https://jyxy.xaut.edu.cn/info/1179/1989.htm
宋丹龙,https://jyxy.xaut.edu.cn/info/1179/1990.htm
陈润霖,https://jyxy.xaut.edu.cn/info/1179/2551.htm
刘彦伟,https://jyxy.xaut.edu.cn/info/1179/2561.htm
石坤,https://jyxy.xaut.edu.cn/info/1179/2591.htm
解瑞东,https://jyxy.xaut.edu.cn/info/1179/2601.htm
王建磊,https://jyxy.xaut.edu.cn/info/1179/2622.htm
思悦,https://jyxy.xaut.edu.cn/info/1179/2848.htm
史卫朝,https://jyxy.xaut.edu.cn/info/1179/2849.htm
高志强,https://jyxy.xaut.edu.cn/info/1179/2850.htm
王荪馨,https://jyxy.xaut.edu.cn/info/1179/2851.htm
杨癸庚,https://jyxy.xaut.edu.cn/info/1179/2927.htm
韩周鹏,https://jyxy.xaut.edu.cn/info/1179/2821.htm
郭美玲,https://jyxy.xaut.edu.cn/info/1179/3035.htm
樊星煜,https://jyxy.xaut.edu.cn/info/1179/3116.htm
翟兆阳,https://jyxy.xaut.edu.cn/info/1179/3117.htm
王志龙,https://jyxy.xaut.edu.cn/info/1179/3118.htm
华灯鑫,https://jyxy.xaut.edu.cn/info/1108/1152.htm
狄慧鸽,https://jyxy.xaut.edu.cn/info/1108/1166.htm
高飞,https://jyxy.xaut.edu.cn/info/1108/1985.htm
刘君,https://jyxy.xaut.edu.cn/info/1179/1081.htm
王玉峰,https://jyxy.xaut.edu.cn/info/1108/2699.htm
胡辽林,https://jyxy.xaut.edu.cn/info/1179/1135.htm
陈剑虹,https://jyxy.xaut.edu.cn/info/1179/1122.htm
汪丽,https://jyxy.xaut.edu.cn/info/1108/2521.htm
李仕春,https://jyxy.xaut.edu.cn/info/1179/1117.htm
何廷尧,https://jyxy.xaut.edu.cn/info/1108/2531.htm
赵恒,https://jyxy.xaut.edu.cn/info/1179/1107.htm
邢俊红,https://jyxy.xaut.edu.cn/info/1179/2002.htm
宋跃辉,https://jyxy.xaut.edu.cn/info/1179/3279.htm
王骏,https://jyxy.xaut.edu.cn/info/1108/3276.htm
刘健宁,https://jyxy.xaut.edu.cn/info/1179/3072.htm
刘芸,https://jyxy.xaut.edu.cn/info/1179/2003.htm
寇科,https://jyxy.xaut.edu.cn/info/1179/1987.htm
徐翔,https://jyxy.xaut.edu.cn/info/1179/2853.htm
闫庆,https://jyxy.xaut.edu.cn/info/1179/2854.htm
赵敏,https://jyxy.xaut.edu.cn/info/1179/1134.htm
刘晶晶,https://jyxy.xaut.edu.cn/info/1179/3281.htm
王晛,https://jyxy.xaut.edu.cn/info/1179/3057.htm
刘文清,https://jyxy.xaut.edu.cn/info/1108/1165.htm
华灯鑫,https://jyxy.xaut.edu.cn/info/1108/1152.htm
焦明星,https://jyxy.xaut.edu.cn/info/1108/1145.htm
李言,https://jyxy.xaut.edu.cn/info/1108/1146.htm
高峰,https://jyxy.xaut.edu.cn/info/1108/1162.htm
李淑娟,https://jyxy.xaut.edu.cn/info/1108/1151.htm
孔令飞,https://jyxy.xaut.edu.cn/info/1108/1142.htm
崔亚辉,https://jyxy.xaut.edu.cn/info/1108/1157.htm
郑建明,https://jyxy.xaut.edu.cn/info/1108/1161.htm
李鹏阳,https://jyxy.xaut.edu.cn/info/1108/1147.htm
刘君,https://jyxy.xaut.edu.cn/info/1179/1081.htm
高飞,https://jyxy.xaut.edu.cn/info/1108/1985.htm
于殿泓,https://jyxy.xaut.edu.cn/info/1179/1102.htm
王玉峰,https://jyxy.xaut.edu.cn/info/1108/2699.htm
赵桐,https://jyxy.xaut.edu.cn/info/1108/2221.htm
乔卫东,https://jyxy.xaut.edu.cn/info/1179/1127.htm
胡辽林,https://jyxy.xaut.edu.cn/info/1179/1135.htm
乐静,https://jyxy.xaut.edu.cn/info/1179/1105.htm
陈剑虹,https://jyxy.xaut.edu.cn/info/1179/1122.htm
赵敏,https://jyxy.xaut.edu.cn/info/1179/1134.htm
赵锴,https://jyxy.xaut.edu.cn/info/1179/1125.htm
汪丽,https://jyxy.xaut.edu.cn/info/1108/2521.htm
李仕春,https://jyxy.xaut.edu.cn/info/1179/1117.htm
何廷尧,https://jyxy.xaut.edu.cn/info/1108/2531.htm
邵伟,https://jyxy.xaut.edu.cn/info/1108/2817.htm
赵恒,https://jyxy.xaut.edu.cn/info/1179/1107.htm
邢俊红,https://jyxy.xaut.edu.cn/info/1179/2002.htm
朱凌建,https://jyxy.xaut.edu.cn/info/1179/1982.htm
高瑞鹏,https://jyxy.xaut.edu.cn/info/1179/1100.htm
高鹤明,https://jyxy.xaut.edu.cn/info/1179/1103.htm
宋跃辉,https://jyxy.xaut.edu.cn/info/1179/3279.htm
王骏,https://jyxy.xaut.edu.cn/info/1108/3276.htm
刘健宁,https://jyxy.xaut.edu.cn/info/1179/3072.htm
刘芸,https://jyxy.xaut.edu.cn/info/1179/2003.htm
寇科,https://jyxy.xaut.edu.cn/info/1179/1987.htm
翁浚,https://jyxy.xaut.edu.cn/info/1179/2852.htm
徐翔,https://jyxy.xaut.edu.cn/info/1179/2853.htm
闫庆,https://jyxy.xaut.edu.cn/info/1179/2854.htm
刘晶晶,https://jyxy.xaut.edu.cn/info/1179/3281.htm
王晛,https://jyxy.xaut.edu.cn/info/1179/3057.htm
李言,https://jyxy.xaut.edu.cn/info/1108/1146.htm
崔亚辉,https://jyxy.xaut.edu.cn/info/1108/1157.htm
刘凯,https://jyxy.xaut.edu.cn/info/1108/1140.htm
李淑娟,https://jyxy.xaut.edu.cn/info/1108/1151.htm
焦明星,https://jyxy.xaut.edu.cn/info/1108/1145.htm
高峰,https://jyxy.xaut.edu.cn/info/1108/1162.htm
吉晓民,https://jyxy.xaut.edu.cn/info/1108/1141.htm
张广鹏,https://jyxy.xaut.edu.cn/info/1108/1149.htm
郑建明,https://jyxy.xaut.edu.cn/info/1108/1161.htm
穆安乐,https://jyxy.xaut.edu.cn/info/1108/1144.htm
吕延军,https://jyxy.xaut.edu.cn/info/1108/1681.htm
高新勤,https://jyxy.xaut.edu.cn/info/1108/1139.htm
孔令飞,https://jyxy.xaut.edu.cn/info/1108/1142.htm
李鹏飞,https://jyxy.xaut.edu.cn/info/1179/1082.htm
狄慧鸽,https://jyxy.xaut.edu.cn/info/1108/1166.htm
周春国,https://jyxy.xaut.edu.cn/info/1179/1120.htm
王慧武,https://jyxy.xaut.edu.cn/info/1179/1131.htm
杨军良,https://jyxy.xaut.edu.cn/info/1179/1119.htm
王建平,https://jyxy.xaut.edu.cn/info/1179/1110.htm
吴子英,https://jyxy.xaut.edu.cn/info/1179/1091.htm
李德信,https://jyxy.xaut.edu.cn/info/1179/1114.htm
杨静,https://jyxy.xaut.edu.cn/info/1179/1088.htm
王凯,https://jyxy.xaut.edu.cn/info/1179/1129.htm
王世军,https://jyxy.xaut.edu.cn/info/1179/1133.htm
史恩秀,https://jyxy.xaut.edu.cn/info/1179/1111.htm
王雯,https://jyxy.xaut.edu.cn/info/1108/1150.htm
杨明顺,https://jyxy.xaut.edu.cn/info/1179/1093.htm
李艳,https://jyxy.xaut.edu.cn/info/1179/1109.htm
袁启龙,https://jyxy.xaut.edu.cn/info/1179/1080.htm
李鹏阳,https://jyxy.xaut.edu.cn/info/1108/1147.htm
杨世强,https://jyxy.xaut.edu.cn/info/1179/1086.htm
汤奥斐,https://jyxy.xaut.edu.cn/info/1179/1099.htm
刘丽兰,https://jyxy.xaut.edu.cn/info/1179/1096.htm
原园,https://jyxy.xaut.edu.cn/info/1108/3312.htm
赵桐,https://jyxy.xaut.edu.cn/info/1108/2221.htm
杨新刚,https://jyxy.xaut.edu.cn/info/1179/1104.htm
王权岱,https://jyxy.xaut.edu.cn/info/1108/2201.htm
庞辉,https://jyxy.xaut.edu.cn/info/1108/2825.htm
张延超,https://jyxy.xaut.edu.cn/info/1108/2819.htm
刘永,https://jyxy.xaut.edu.cn/info/1179/1108.htm
刘迎伟,https://jyxy.xaut.edu.cn/info/1179/1094.htm
郭伟超,https://jyxy.xaut.edu.cn/info/1179/1087.htm
魏锋涛,https://jyxy.xaut.edu.cn/info/1179/1136.htm
张东亚,https://jyxy.xaut.edu.cn/info/1179/2805.htm
喻明浩,https://jyxy.xaut.edu.cn/info/1108/3296.htm
杜进辅,https://jyxy.xaut.edu.cn/info/1179/1981.htm
毛锦,https://jyxy.xaut.edu.cn/info/1179/1983.htm
税琳棋,https://jyxy.xaut.edu.cn/info/1179/1984.htm
肖旭东,https://jyxy.xaut.edu.cn/info/1179/1986.htm
赵仁峰,https://jyxy.xaut.edu.cn/info/1179/1989.htm
宋丹龙,https://jyxy.xaut.edu.cn/info/1179/1990.htm
陈润霖,https://jyxy.xaut.edu.cn/info/1179/2551.htm
刘彦伟,https://jyxy.xaut.edu.cn/info/1179/2561.htm
石坤,https://jyxy.xaut.edu.cn/info/1179/2591.htm
解瑞东,https://jyxy.xaut.edu.cn/info/1179/2601.htm
王建磊,https://jyxy.xaut.edu.cn/info/1179/2622.htm
史卫朝,https://jyxy.xaut.edu.cn/info/1179/2849.htm
高志强,https://jyxy.xaut.edu.cn/info/1179/2850.htm
王荪馨,https://jyxy.xaut.edu.cn/info/1179/2851.htm
杨癸庚,https://jyxy.xaut.edu.cn/info/1179/2927.htm
韩周鹏,https://jyxy.xaut.edu.cn/info/1179/2821.htm
郭美玲,https://jyxy.xaut.edu.cn/info/1179/3035.htm
樊星煜,https://jyxy.xaut.edu.cn/info/1179/3116.htm
翟兆阳,https://jyxy.xaut.edu.cn/info/1179/3117.htm
王志龙,https://jyxy.xaut.edu.cn/info/1179/3118.htm
华灯鑫,https://jyxy.xaut.edu.cn/info/1108/1152.htm
焦明星,https://jyxy.xaut.edu.cn/info/1108/1145.htm
李言,https://jyxy.xaut.edu.cn/info/1108/1146.htm
高峰,https://jyxy.xaut.edu.cn/info/1108/1162.htm
李淑娟,https://jyxy.xaut.edu.cn/info/1108/1151.htm
孔令飞,https://jyxy.xaut.edu.cn/info/1108/1142.htm
赵桐,https://jyxy.xaut.edu.cn/info/1108/2221.htm
崔亚辉,https://jyxy.xaut.edu.cn/info/1108/1157.htm
郑建明,https://jyxy.xaut.edu.cn/info/1108/1161.htm
李鹏阳,https://jyxy.xaut.edu.cn/info/1108/1147.htm
于殿泓,https://jyxy.xaut.edu.cn/info/1179/1102.htm
刘君,https://jyxy.xaut.edu.cn/info/1179/1081.htm
乔卫东,https://jyxy.xaut.edu.cn/info/1179/1127.htm
胡辽林,https://jyxy.xaut.edu.cn/info/1179/1135.htm
乐静,https://jyxy.xaut.edu.cn/info/1179/1105.htm
陈剑虹,https://jyxy.xaut.edu.cn/info/1179/1122.htm
赵敏,https://jyxy.xaut.edu.cn/info/1179/1134.htm
赵锴,https://jyxy.xaut.edu.cn/info/1179/1125.htm
汪丽,https://jyxy.xaut.edu.cn/info/1108/2521.htm
高飞,https://jyxy.xaut.edu.cn/info/1108/1985.htm
王玉峰,https://jyxy.xaut.edu.cn/info/1108/2699.htm
李仕春,https://jyxy.xaut.edu.cn/info/1179/1117.htm
何廷尧,https://jyxy.xaut.edu.cn/info/1108/2531.htm
狄慧鸽,https://jyxy.xaut.edu.cn/info/1108/1166.htm
邵伟,https://jyxy.xaut.edu.cn/info/1108/2817.htm
赵恒,https://jyxy.xaut.edu.cn/info/1179/1107.htm
邢俊红,https://jyxy.xaut.edu.cn/info/1179/2002.htm
朱凌建,https://jyxy.xaut.edu.cn/info/1179/1982.htm
高鹤明,https://jyxy.xaut.edu.cn/info/1179/1103.htm
宋跃辉,https://jyxy.xaut.edu.cn/info/1179/3279.htm
王骏,https://jyxy.xaut.edu.cn/info/1108/3276.htm
高瑞鹏,https://jyxy.xaut.edu.cn/info/1179/1100.htm
刘健宁,https://jyxy.xaut.edu.cn/info/1179/3072.htm
刘芸,https://jyxy.xaut.edu.cn/info/1179/2003.htm
翁浚,https://jyxy.xaut.edu.cn/info/1179/2852.htm
徐翔,https://jyxy.xaut.edu.cn/info/1179/2853.htm
闫庆,https://jyxy.xaut.edu.cn/info/1179/2854.htm
刘晶晶,https://jyxy.xaut.edu.cn/info/1179/3281.htm
王晛,https://jyxy.xaut.edu.cn/info/1179/3057.htm
