﻿姓名,url
卢荣胜,https://yqkx.hfut.edu.cn/2017/0504/c14419a298625/page.htm
黄强先,https://yqkx.hfut.edu.cn/2017/0504/c14419a298626/page.htm
李维诗,https://yqkx.hfut.edu.cn/2017/0504/c14419a298627/page.htm
夏豪杰,https://yqkx.hfut.edu.cn/2017/0504/c14419a298628/page.htm
彭虎,https://yqkx.hfut.edu.cn/2017/0504/c14419a298629/page.htm
胡鹏浩,https://yqkx.hfut.edu.cn/2017/0504/c14419a298630/page.htm
王永红,https://yqkx.hfut.edu.cn/2017/0504/c14419a298631/page.htm
余有龙,https://yqkx.hfut.edu.cn/2017/0504/c14419a298632/page.htm
邱龙臻,https://yqkx.hfut.edu.cn/2021/0311/c14419a298633/page.htm
吕国强,https://yqkx.hfut.edu.cn/2022/0413/c14419a298634/page.htm
钟敏成,https://yqkx.hfut.edu.cn/2017/0504/c14419a298635/page.htm
张辉,https://yqkx.hfut.edu.cn/2017/0504/c14419a298637/page.htm
李瑞君,https://yqkx.hfut.edu.cn/2017/0504/c14419a298636/page.htm
张进,https://yqkx.hfut.edu.cn/2017/0504/c14419a298638/page.htm
李保生,https://yqkx.hfut.edu.cn/2017/0504/c14419a298641/page.htm
张俊喜,https://yqkx.hfut.edu.cn/2017/0504/c14419a298640/page.htm
劳召欣,https://yqkx.hfut.edu.cn/2017/0504/c14419a298639/page.htm
黄斌,https://yqkx.hfut.edu.cn/2017/0504/c14419a298642/page.htm
胡明勇,https://yqkx.hfut.edu.cn/2021/0311/c14419a298643/page.htm
尹治平,https://yqkx.hfut.edu.cn/2021/0317/c14419a298645/page.htm
朱俊,https://yqkx.hfut.edu.cn/2021/0311/c14419a298646/page.htm
陆红波,https://yqkx.hfut.edu.cn/2021/0311/c14419a298647/page.htm
吴思竹,https://yqkx.hfut.edu.cn/2017/0504/c14419a298648/page.htm
潘成亮,https://yqkx.hfut.edu.cn/2017/0504/c14419a298649/page.htm
成娟,https://yqkx.hfut.edu.cn/2022/1208/c14419a298650/page.htm
张国兵,https://yqkx.hfut.edu.cn/2021/0311/c14419a298651/page.htm
刘羽,https://yqkx.hfut.edu.cn/2024/0419/c14420a302891/page.htm
张亚超,https://yqkx.hfut.edu.cn/2024/0301/c14420a301118/page.htm
宋仁成,https://yqkx.hfut.edu.cn/2021/0825/c14420a298928/page.htm
黄亮,https://yqkx.hfut.edu.cn/2021/0524/c14420a298930/page.htm
赵会宁,https://yqkx.hfut.edu.cn/2021/0512/c14420a298931/page.htm
冯奇斌,https://yqkx.hfut.edu.cn/2021/0324/c14420a298932/page.htm
王标,https://yqkx.hfut.edu.cn/2017/0504/c14420a298941/page.htm
李勇,https://yqkx.hfut.edu.cn/2017/0504/c14420a298940/page.htm
郑驰超,https://yqkx.hfut.edu.cn/2017/0504/c14420a298939/page.htm
程真英,https://yqkx.hfut.edu.cn/2017/0504/c14420a298938/page.htm
程锐,https://yqkx.hfut.edu.cnhttp://faculty.hfut.edu.cn/~IVreYz/zh_CN/index.htm
李建权,https://yqkx.hfut.edu.cn/2017/0504/c14420a298936/page.htm
魏永清,https://yqkx.hfut.edu.cn/2017/0504/c14420a298935/page.htm
刘志健,https://yqkx.hfut.edu.cn/2017/0504/c14420a298934/page.htm
舒双宝,https://yqkx.hfut.edu.cn/2017/0504/c14420a298950/page.htm
陈东,https://yqkx.hfut.edu.cn/2017/0504/c14420a298949/page.htm
纪峰,https://yqkx.hfut.edu.cn/2017/0504/c14420a298948/page.htm
杨蕾,https://yqkx.hfut.edu.cn/2017/0504/c14420a298947/page.htm
张勇,https://yqkx.hfut.edu.cn/2017/0504/c14420a298945/page.htm
刘芳芳,https://yqkx.hfut.edu.cn/2017/0504/c14420a298943/page.htm
陈晶晶,https://yqkx.hfut.edu.cn/2017/0504/c14420a298942/page.htm
李红莉,https://yqkx.hfut.edu.cn/2017/0504/c14420a298958/page.htm
党学明,https://yqkx.hfut.edu.cn/2017/0504/c14420a298955/page.htm
王宏涛,https://yqkx.hfut.edu.cn/2017/0504/c14420a298954/page.htm
艾竹君,https://yqkx.hfut.edu.cn/2017/0504/c14420a298953/page.htm
韩志会,https://yqkx.hfut.edu.cn/2017/0504/c14420a298951/page.htm
潘巧生,https://yqkx.hfut.edu.cn/2017/0504/c14420a299721/page.htm
钟翔,https://yqkx.hfut.edu.cn/2017/0504/c14420a298972/page.htm
李畅,https://yqkx.hfut.edu.cn/2017/0504/c14420a298969/page.htm
张育中,https://yqkx.hfut.edu.cn/2017/0504/c14420a298968/page.htm
张连生,https://yqkx.hfut.edu.cn/2017/0504/c14420a298967/page.htm
董敬涛,https://yqkx.hfut.edu.cn/2017/0504/c14420a298966/page.htm
张阳,https://yqkx.hfut.edu.cn/2017/0504/c14420a298965/page.htm
马孟超,https://yqkx.hfut.edu.cn/2017/0504/c14420a298963/page.htm
金雪莹,https://yqkx.hfut.edu.cn/2017/0504/c14420a298961/page.htm
闫佩正,https://yqkx.hfut.edu.cn/2017/0504/c14420a298960/page.htm
刘善林,https://yqkx.hfut.edu.cn/2017/0504/c14420a298974/page.htm
刘晨,https://yqkx.hfut.edu.cn/2017/0504/c14420a298976/page.htm
詹昊霖,https://yqkx.hfut.edu.cn/2021/0910/c14420a298977/page.htm
王晓鸿,https://yqkx.hfut.edu.cn/2021/0311/c14420a298978/page.htm
常松涛,https://yqkx.hfut.edu.cn/2021/0311/c14420a298979/page.htm
杨军,https://yqkx.hfut.edu.cn/2021/0311/c14420a298980/page.htm
徐苗,https://yqkx.hfut.edu.cn/2021/0311/c14420a298981/page.htm
夏果,https://yqkx.hfut.edu.cn/2021/0311/c14420a298982/page.htm
王梓,https://yqkx.hfut.edu.cn/2021/0311/c14420a298983/page.htm
王向华,https://yqkx.hfut.edu.cn/2021/0311/c14420a298984/page.htm
阮久福,https://yqkx.hfut.edu.cn/2021/0311/c14420a298985/page.htm
李迎,https://yqkx.hfut.edu.cn/2021/0311/c14420a298987/page.htm
赖伟恩,https://yqkx.hfut.edu.cn/2021/0311/c14420a298988/page.htm
胡跃辉,https://yqkx.hfut.edu.cn/2021/0311/c14420a298989/page.htm
胡雪峰,https://yqkx.hfut.edu.cn/2021/0311/c14420a298990/page.htm
胡俊涛,https://yqkx.hfut.edu.cn/2021/0311/c14420a298991/page.htm
胡海兵,https://yqkx.hfut.edu.cn/2021/0311/c14420a298992/page.htm
邓光晟,https://yqkx.hfut.edu.cn/2021/0311/c14420a298994/page.htm
朱剑飞,https://yqkx.hfut.edu.cn/2021/0311/c14420a298996/page.htm
李骏睿,https://yqkx.hfut.edu.cn/2022/0301/c14420a298997/page.htm
钱金贵,https://yqkx.hfut.edu.cn/2023/0913/c14420a298998/page.htm
倪凡,https://yqkx.hfut.edu.cn/2021/0909/c14420a298999/page.htm
余盼盼,https://yqkx.hfut.edu.cn/2023/1010/c14420a299005/page.htm
段明辉,https://yqkx.hfut.edu.cn/2024/0301/c14421a301115/page.htm
王桂强,https://yqkx.hfut.edu.cn/2021/0524/c14421a298929/page.htm
张瑞,https://yqkx.hfut.edu.cn/2021/0319/c14421a298933/page.htm
胡亮亮,https://yqkx.hfut.edu.cn/2023/1207/c14421a299526/page.htm
徐昕,https://yqkx.hfut.edu.cn/2017/0504/c14421a298959/page.htm
付静,https://yqkx.hfut.edu.cn/2017/0504/c14421a298957/page.htm
乔赫元,https://yqkx.hfut.edu.cn/2017/0504/c14421a298956/page.htm
樊宏,https://yqkx.hfut.edu.cn/2017/0504/c14421a298952/page.htm
徐梦洁,https://yqkx.hfut.edu.cn/2017/0504/c14421a298973/page.htm
郎贤礼,https://yqkx.hfut.edu.cn/2017/0504/c14421a298971/page.htm
张腾达,https://yqkx.hfut.edu.cn/2017/0504/c14421a298964/page.htm
程荣俊,https://yqkx.hfut.edu.cn/2017/0504/c14421a298962/page.htm
吕梅,https://yqkx.hfut.edu.cn/2021/0311/c14421a298986/page.htm
方勇,https://yqkx.hfut.edu.cn/2021/0311/c14421a298993/page.htm
蔡斐,https://yqkx.hfut.edu.cn/2021/0311/c14421a298995/page.htm
王源果,https://yqkx.hfut.edu.cn/2022/0901/c14421a299000/page.htm
毕亚丽,https://yqkx.hfut.edu.cn/2023/0322/c14421a299001/page.htm
王升,https://yqkx.hfut.edu.cn/2023/0321/c14421a299002/page.htm
钱敏,https://yqkx.hfut.edu.cn/2023/0322/c14421a299003/page.htm
韩旭,https://yqkx.hfut.edu.cn/2023/0816/c14421a299004/page.htm
