﻿姓名,url
林君,https://ciee.jlu.edu.cn/info/1162/8474.htm
陈祖斌,https://ciee.jlu.edu.cn/info/1215/10271.htm
嵇艳鞠,https://ciee.jlu.edu.cn/info/1215/9475.htm
林婷婷,https://ciee.jlu.edu.cn/info/1151/5223.htm
李启明,https://ciee.jlu.edu.cn/info/1163/5299.htm
万玲,https://ciee.jlu.edu.cn/info/1151/13099.htm
龙云,https://ciee.jlu.edu.cn/info/1151/13804.htm
王言章,https://ciee.jlu.edu.cn/info/1151/8941.htm
王智宏,https://ciee.jlu.edu.cn/info/1151/5229.htm
田地,https://ciee.jlu.edu.cn/info/1151/8381.htm
朱凯光,https://ciee.jlu.edu.cn/info/1151/6971.htm
仲志成,https://ciee.jlu.edu.cn/info/1151/9425.htm
刘长英,https://ciee.jlu.edu.cn/info/1151/9481.htm
刘长胜,https://ciee.jlu.edu.cn/info/1151/6619.htm
刘光达,https://ciee.jlu.edu.cn/info/1151/5231.htm
刘杰,https://ciee.jlu.edu.cn/info/1151/9422.htm
孙锋,https://ciee.jlu.edu.cn/info/1151/10402.htm
杨光,https://ciee.jlu.edu.cn/info/1151/9423.htm
杨泓渊,https://ciee.jlu.edu.cn/info/1151/12368.htm
邱春玲,https://ciee.jlu.edu.cn/info/1151/5235.htm
辛毅,https://ciee.jlu.edu.cn/info/1151/9424.htm
张刘,https://ciee.jlu.edu.cn/info/1151/9711.htm
陈祖斌,https://ciee.jlu.edu.cn/info/1151/8383.htm
陈晨,https://ciee.jlu.edu.cn/info/1151/10403.htm
林君,https://ciee.jlu.edu.cn/info/1151/8373.htm
林婷婷,https://ciee.jlu.edu.cn/info/1151/5223.htm
赵静,https://ciee.jlu.edu.cn/info/1151/10401.htm
姜弢,https://ciee.jlu.edu.cn/info/1151/7050.htm
黄兴国,https://ciee.jlu.edu.cn/info/1151/10392.htm
随阳轶,https://ciee.jlu.edu.cn/info/1151/6621.htm
蒋川东,https://ciee.jlu.edu.cn/info/1151/13773.htm
嵇艳鞠,https://ciee.jlu.edu.cn/info/1151/6620.htm
曾晓献,https://ciee.jlu.edu.cn/info/1151/5226.htm
于永,https://ciee.jlu.edu.cn/info/1152/5237.htm
王文华,https://ciee.jlu.edu.cn/info/1152/9452.htm
王俊秋,https://ciee.jlu.edu.cn/info/1152/5238.htm
朱杨,https://ciee.jlu.edu.cn/info/1152/12968.htm
刘玉娟,https://ciee.jlu.edu.cn/info/1152/9451.htm
刘名扬,https://ciee.jlu.edu.cn/info/1152/6615.htm
刘洋,https://ciee.jlu.edu.cn/info/1152/13675.htm
李春生,https://ciee.jlu.edu.cn/info/1152/5245.htm
李美娜,https://ciee.jlu.edu.cn/info/1152/13788.htm
李哲,https://ciee.jlu.edu.cn/info/1152/5246.htm
佟训乾,https://ciee.jlu.edu.cn/info/1152/9455.htm
张扬,https://ciee.jlu.edu.cn/info/1152/12370.htm
张帆,https://ciee.jlu.edu.cn/info/1152/9453.htm
张怀柱,https://ciee.jlu.edu.cn/info/1152/5243.htm
张林行,https://ciee.jlu.edu.cn/info/1152/5244.htm
范国伟,https://ciee.jlu.edu.cn/info/1152/9454.htm
范铁虎,https://ciee.jlu.edu.cn/info/1152/6617.htm
周晓华,https://ciee.jlu.edu.cn/info/1152/9483.htm
郑凡,https://ciee.jlu.edu.cn/info/1152/9482.htm
常天英,https://ciee.jlu.edu.cn/info/1152/8385.htm
章家保,https://ciee.jlu.edu.cn/info/1152/9427.htm
董新桐,https://ciee.jlu.edu.cn/info/1152/13649.htm
周志坚,https://ciee.jlu.edu.cn/info/1155/14035.htm
张洋,https://ciee.jlu.edu.cn/info/1155/13776.htm
于生宝,https://ciee.jlu.edu.cn/info/1155/7051.htm
田宝凤,https://ciee.jlu.edu.cn/info/1155/9429.htm
刘卫平,https://ciee.jlu.edu.cn/info/1155/12369.htm
孙淑琴,https://ciee.jlu.edu.cn/info/1155/5262.htm
杨大鹏,https://ciee.jlu.edu.cn/info/1155/9430.htm
尚新磊,https://ciee.jlu.edu.cn/info/1155/9420.htm
周逢道,https://ciee.jlu.edu.cn/info/1155/5265.htm
段清明,https://ciee.jlu.edu.cn/info/1155/5266.htm
栾卉,https://ciee.jlu.edu.cn/info/1155/12948.htm
李刚,https://ciee.jlu.edu.cn/info/1155/13767.htm
王天皓,https://ciee.jlu.edu.cn/info/1156/9416.htm
王世隆,https://ciee.jlu.edu.cn/info/1156/7014.htm
王远,https://ciee.jlu.edu.cn/info/1156/6613.htm
邢雪峰,https://ciee.jlu.edu.cn/info/1156/6629.htm
关珊珊,https://ciee.jlu.edu.cn/info/1156/9343.htm
孙彩堂,https://ciee.jlu.edu.cn/info/1156/5270.htm
吴琼,https://ciee.jlu.edu.cn/info/1156/13673.htm
张天瑜,https://ciee.jlu.edu.cn/info/1156/5272.htm
张冠宇,https://ciee.jlu.edu.cn/info/1156/8641.htm
易晓峰,https://ciee.jlu.edu.cn/info/1156/9419.htm
周海根,https://ciee.jlu.edu.cn/info/1156/10701.htm
赵雪娇,https://ciee.jlu.edu.cn/info/1156/12829.htm
赵寰宇,https://ciee.jlu.edu.cn/info/1157/13884.htm
刘通,https://ciee.jlu.edu.cn/info/1157/5285.htm
程宇奇,https://ciee.jlu.edu.cn/info/1157/5289.htm
凌振宝,https://ciee.jlu.edu.cn/info/1158/9421.htm
李肃义,https://ciee.jlu.edu.cn/info/1158/9417.htm
程德福,https://ciee.jlu.edu.cn/info/1158/5291.htm
王一,https://ciee.jlu.edu.cn/info/1160/5356.htm
李庆凯,https://ciee.jlu.edu.cn/info/1160/5359.htm
林君,https://ciee.jlu.edu.cn/info/1164/8475.htm
王言章,https://ciee.jlu.edu.cn/info/1232/10734.htm
​田国胜,https://ciee.jlu.edu.cn/info/1231/10735.htm
周逢道,https://ciee.jlu.edu.cn/info/1165/5301.htm
王言章,https://ciee.jlu.edu.cn/info/1166/5377.htm
王洪庆,https://ciee.jlu.edu.cn/info/1166/5379.htm
孙忠,https://ciee.jlu.edu.cn/info/1166/5381.htm
冷云峰,https://ciee.jlu.edu.cn/info/1166/5382.htm
张怀柱,https://ciee.jlu.edu.cn/info/1166/5385.htm
张林行,https://ciee.jlu.edu.cn/info/1166/5384.htm
张秉仁,https://ciee.jlu.edu.cn/info/1166/5386.htm
周逢道,https://ciee.jlu.edu.cn/info/1166/5388.htm
季和平,https://ciee.jlu.edu.cn/info/1166/5389.htm
尚新磊,https://ciee.jlu.edu.cn/info/1166/5392.htm
段清明,https://ciee.jlu.edu.cn/info/1166/5391.htm
黎东升,https://ciee.jlu.edu.cn/info/1166/5390.htm
嵇艳鞠,https://ciee.jlu.edu.cn/info/1167/9476.htm
邱增凯,https://ciee.jlu.edu.cn/info/1168/9506.htm
周伟,https://ciee.jlu.edu.cn/info/1169/6591.htm
刘长胜,https://ciee.jlu.edu.cn/info/1170/5321.htm
周伟,https://ciee.jlu.edu.cn/info/1170/5323.htm
林婷婷,https://ciee.jlu.edu.cn/info/1170/8591.htm
随阳轶,https://ciee.jlu.edu.cn/info/1170/10571.htm
边江,https://ciee.jlu.edu.cn/info/1170/13330.htm
南旭良,https://ciee.jlu.edu.cn/info/1170/13329.htm
陈鹏,https://ciee.jlu.edu.cn/info/1171/13320.htm
刘澎浩,https://ciee.jlu.edu.cn/info/1171/13318.htm
高喆,https://ciee.jlu.edu.cn/info/1172/6643.htm
梁冰,https://ciee.jlu.edu.cn/info/1172/6644.htm
蒲芳芳,https://ciee.jlu.edu.cn/info/1173/5330.htm
周琪,https://ciee.jlu.edu.cn/info/1174/13336.htm
杨冬,https://ciee.jlu.edu.cn/info/1174/5331.htm
杜晓夏,https://ciee.jlu.edu.cn/info/1174/9472.htm
包健伦,https://ciee.jlu.edu.cn/info/1175/13319.htm
马姗姗,https://ciee.jlu.edu.cn/info/1175/9484.htm
孙鹏博,https://ciee.jlu.edu.cn/info/1175/5333.htm
曹暄,https://ciee.jlu.edu.cn/info/1176/5334.htm
梁冰,https://ciee.jlu.edu.cn/info/1234/13342.htm
丁文晴,https://ciee.jlu.edu.cn/info/1177/13340.htm
刘钊闻,https://ciee.jlu.edu.cn/info/1177/13339.htm
苗红松,https://ciee.jlu.edu.cn/info/1177/13338.htm
魏庆丽,https://ciee.jlu.edu.cn/info/1177/5351.htm
蔡靖,https://ciee.jlu.edu.cn/info/1177/5349.htm
高乐,https://ciee.jlu.edu.cn/info/1177/5348.htm
周险峰,https://ciee.jlu.edu.cn/info/1177/5344.htm
张瑾,https://ciee.jlu.edu.cn/info/1177/5343.htm
张莉,https://ciee.jlu.edu.cn/info/1177/5342.htm
孙慧慧,https://ciee.jlu.edu.cn/info/1177/5341.htm
万云霞,https://ciee.jlu.edu.cn/info/1177/5336.htm
千承辉,https://ciee.jlu.edu.cn/info/1177/5335.htm
冯彩慧,https://ciee.jlu.edu.cn/info/1177/5338.htm
刘鸿石,https://ciee.jlu.edu.cn/info/1177/5339.htm
胡鹤,https://ciee.jlu.edu.cn/info/1177/5346.htm
徐洋,https://ciee.jlu.edu.cn/info/1177/5347.htm
滕飞,https://ciee.jlu.edu.cn/info/1177/5350.htm
黎东升,https://ciee.jlu.edu.cn/info/1177/5354.htm
