{"total":138,"data":[{"columnId":37703,"siteId":38,"title":"曾敏","cnUrl":"http://ins.seu.edu.cn/cm/list.htm","headerPic":"/_res/articleType/teacher_CN.jpg","exField1":"行政管理人员","exField2":"无","exField5":null,"career":"","post":""},{"columnId":31387,"siteId":38,"title":"崔建伟","cnUrl":"http://ins.seu.edu.cn/cjw/list.htm","headerPic":"/_upload/article/images/47/ff/17be12fe4f1abf0ff0c233ec7307/7bbeebe3-16e3-4e7b-9c48-a65e7501f59b.jpg","exField1":"专任教师","exField2":"机器人传感与控制技术研究所","exField5":"副教授","career":"","post":"硕士生导师"},{"columnId":33861,"siteId":38,"title":"陈俊杰","cnUrl":"http://ins.seu.edu.cn/cjj/list.htm","headerPic":"/_res/articleType/teacher_CN.jpg","exField1":"退休人员","exField2":"无","exField5":"无","career":"","post":""},{"columnId":31242,"siteId":38,"title":"曾洪","cnUrl":"http://ins.seu.edu.cn/zh/list.htm","headerPic":"/_upload/article/images/b0/72/4e1fb6984c65abe9e8c0de874efe/25afd78c-c9bb-40c7-bce6-eed4b829b9ad.jpg","exField1":"专任教师","exField2":"机器人传感与控制技术研究所","exField5":"教授","career":"","post":"博士生导师，硕士生导师"},{"columnId":31450,"siteId":38,"title":"程向红","cnUrl":"http://ins.seu.edu.cn/cxh/list.htm","headerPic":"/_upload/article/images/c2/06/a22514c84ed4b3c1dcf447dd03df/15af3c94-cebe-4fb2-b3ae-85614ef81ead.jpg","exField1":"专任教师","exField2":"先进导航技术研究所","exField5":"教授","career":"","post":"博士生导师，硕士生导师"},{"columnId":34027,"siteId":38,"title":"蔡志鹏","cnUrl":"http://ins.seu.edu.cn/czp1/list.htm","headerPic":"/_upload/article/images/d3/6b/bafa64554d6ca9c6c531fded14e8/73ad6bb4-2458-45b3-bbd1-0eb86bf3534e_s_s_s_s_s_s_s_s_s_s_s.jpg","exField1":"博士后","exField2":"无","exField5":"无","career":"","post":""},{"columnId":33846,"siteId":38,"title":"陈建元","cnUrl":"http://ins.seu.edu.cn/cjy/list.htm","headerPic":"/_res/articleType/teacher_CN.jpg","exField1":"退休人员","exField2":"无","exField5":"无","career":"","post":""},{"columnId":31495,"siteId":38,"title":"蔡体菁","cnUrl":"http://ins.seu.edu.cn/ctj/list.htm","headerPic":"/_res/articleType/teacher_CN.jpg","exField1":"专任教师","exField2":"信息导航与智能测控研究所","exField5":"教授","career":"","post":"博士生导师，硕士生导师"},{"columnId":31453,"siteId":38,"title":"陈熙源","cnUrl":"http://ins.seu.edu.cn/cxy/list.htm","headerPic":"/_upload/article/images/f6/86/36e82f894a719209758734ba6916/7df89090-bef3-4476-b1d9-f626a20ba306.jpg","exField1":"专任教师","exField2":"先进导航技术研究所","exField5":"教授","career":"","post":"博士生导师，硕士生导师"},{"columnId":50506,"siteId":38,"title":"陈  翰","cnUrl":"http://ins.seu.edu.cn/c  h/list.htm","headerPic":"/_res/articleType/teacher_CN.jpg","exField1":"专任教师","exField2":"机器人传感与控制技术研究所","exField5":"副教授","career":"","post":""},{"columnId":31492,"siteId":38,"title":"丁徐锴","cnUrl":"http://ins.seu.edu.cn/dxk/list.htm","headerPic":"/_upload/article/images/a2/48/1392633943abb8965e00043c2b88/398ba95b-21dd-438a-9a5d-0f55f0e54bd4.jpg","exField1":"专任教师","exField2":"微惯性系统及器件研究所","exField5":"副教授","career":"","post":""},{"columnId":34369,"siteId":38,"title":"丁丽华","cnUrl":"http://ins.seu.edu.cn/dlh1/list.htm","headerPic":"/_upload/article/images/26/e5/582b453f450d88c9b6e235875f65/90fd6b6d-fc35-4a42-b154-fe346e7fd77d_s.jpg","exField1":"行政管理人员","exField2":"无","exField5":null,"career":"","post":""},{"columnId":33840,"siteId":38,"title":"戴金凤","cnUrl":"http://ins.seu.edu.cn/djf/list.htm","headerPic":"/_res/articleType/teacher_CN.jpg","exField1":"退休人员","exField2":"无","exField5":"工程师","career":"","post":""},{"columnId":33852,"siteId":38,"title":"丁江","cnUrl":"http://ins.seu.edu.cn/dj_33852/list.htm","headerPic":"/_res/articleType/teacher_CN.jpg","exField1":"退休人员","exField2":"无","exField5":"无","career":"","post":""},{"columnId":31233,"siteId":38,"title":"丁小丽","cnUrl":"http://ins.seu.edu.cn/dxl/list.htm","headerPic":"/_upload/article/images/b5/25/da51fe9f4af183188c9dd1365fc6/320be3dd-71b3-4b2c-a65c-48fe08e2e2fc.jpg","exField1":"行政管理人员","exField2":"无","exField5":"无","career":"","post":""},{"columnId":38112,"siteId":38,"title":"单卫东","cnUrl":"http://ins.seu.edu.cn/dwd/list.htm","headerPic":"/_res/articleType/teacher_CN.jpg","exField1":"兼职教授","exField2":"无","exField5":"无","career":"","post":""},{"columnId":33825,"siteId":38,"title":"丁杰","cnUrl":"http://ins.seu.edu.cn/dj/list.htm","headerPic":"/_res/articleType/teacher_CN.jpg","exField1":"退休人员","exField2":"无","exField5":"无","career":"","post":""},{"columnId":31408,"siteId":38,"title":"符金波","cnUrl":"http://ins.seu.edu.cn/fjb/list.htm","headerPic":"/_upload/article/images/17/86/0ff860b149c2ac74e7aad06f8d17/715424e9-e896-4ae7-b0a9-2242297878d1.jpg","exField1":"专任教师","exField2":"机器人传感与控制技术研究所","exField5":"讲师","career":"","post":""},{"columnId":53897,"siteId":38,"title":"方子瑜","cnUrl":"http://ins.seu.edu.cn/fzy/list.htm","headerPic":"/_res/articleType/teacher_CN.jpg","exField1":"行政管理人员","exField2":"无","exField5":"无","career":"","post":""},{"columnId":31522,"siteId":38,"title":"范文","cnUrl":"http://ins.seu.edu.cn/fw/list.htm","headerPic":"/_upload/article/images/e4/3d/dfc773c64ff0a39c318271c0d811/2b749511-5d49-431a-a204-39ebcb988985_s.jpg","exField1":"实验岗教师","exField2":"无","exField5":"无","career":"","post":""},{"columnId":33256,"siteId":38,"title":"房建成","cnUrl":"http://ins.seu.edu.cn/fjc/list.htm","headerPic":"/_res/articleType/teacher_CN.jpg","exField1":"兼职教授","exField2":"无","exField5":"无","career":"","post":""},{"columnId":53900,"siteId":38,"title":"高鸿祥","cnUrl":"http://ins.seu.edu.cn/ghx/list.htm","headerPic":"/_res/articleType/teacher_CN.jpg","exField1":"博士后","exField2":"无","exField5":"无","career":"","post":""},{"columnId":31429,"siteId":38,"title":"高旺","cnUrl":"http://ins.seu.edu.cn/gw/list.htm","headerPic":"/_upload/article/images/4d/12/5d71415e41399b508438c12973c1/cdda3b56-af9b-4415-88d1-a9daaf9b98d6.jpg","exField1":"专任教师","exField2":"空间信息与导航定位研究所","exField5":"副教授","career":"","post":"博士生导师、硕士生导师"},{"columnId":31230,"siteId":38,"title":"郭向阳","cnUrl":"http://ins.seu.edu.cn/gxy/list.htm","headerPic":"/_upload/article/images/11/b6/a429887a46f68ac1967f5fed39c4/a99bfba3-4375-43a5-8b75-f19522c67c97.jpg","exField1":"行政管理人员","exField2":"无","exField5":null,"career":"","post":""},{"columnId":49975,"siteId":38,"title":"葛荣骏","cnUrl":"http://ins.seu.edu.cn/grj/list.htm","headerPic":"/_upload/article/images/55/44/9f3fcfb84ab3b3d02da304592d0e/fceff100-8f79-4064-bddb-9c5076df5985.png","exField1":"专任教师","exField2":"无","exField5":"副研究员","career":"","post":"硕士生导师"},{"columnId":35302,"siteId":38,"title":"黄凯","cnUrl":"http://ins.seu.edu.cn/hk/list.htm","headerPic":"/_upload/article/images/8b/67/f830fa9d4ff3a0e05a9a33f191b4/ac6e8414-2aa4-40e6-8420-0ce35870d50b.jpg","exField1":"专任教师","exField2":"汽车安全技术与虚拟现实研究所","exField5":"讲师","career":"","post":"硕士生导师"},{"columnId":38121,"siteId":38,"title":"黄松岭","cnUrl":"http://ins.seu.edu.cn/hsl/list.htm","headerPic":"/_res/articleType/teacher_CN.jpg","exField1":"兼职教授","exField2":"无","exField5":"无","career":"","post":""},{"columnId":31477,"siteId":38,"title":"黄丽斌","cnUrl":"http://ins.seu.edu.cn/hlb/list.htm","headerPic":"/_upload/article/images/ec/ef/63622d8d4831ab88532cf45dff26/b16b6a73-df5b-49b3-a345-3d114aadfe9b.jpg","exField1":"专任教师","exField2":"微惯性系统及器件研究所","exField5":"教授","career":"","post":"博士生导师，硕士生导师"},{"columnId":31513,"siteId":38,"title":"姜晓彤","cnUrl":"http://ins.seu.edu.cn/jxt/list.htm","headerPic":"/_upload/article/images/30/d7/dd9eca4a48dabb62f2aa30b1ae9f/7be75f64-db1d-4460-8ae8-fcba1f8c230b.jpg","exField1":"专任教师","exField2":"信息导航与智能测控研究所","exField5":"副教授","career":"","post":"硕士生导师"},{"columnId":41995,"siteId":38,"title":"金晓亮","cnUrl":"http://ins.seu.edu.cn/jxl/list.htm","headerPic":"/_upload/article/images/8a/cf/7546308b4de28f4bbafe59c4b9fe/c7555307-f04c-4471-9bf1-6b206a3c277f.jpg","exField1":"博士后","exField2":"无","exField5":"无","career":"","post":""},{"columnId":33795,"siteId":38,"title":"金振华","cnUrl":"http://ins.seu.edu.cn/jzh/list.htm","headerPic":"/_res/articleType/teacher_CN.jpg","exField1":"退休人员","exField2":"无","exField5":"无","career":"","post":""},{"columnId":33816,"siteId":38,"title":"贾伯年","cnUrl":"http://ins.seu.edu.cn/jbn/list.htm","headerPic":"/_res/articleType/teacher_CN.jpg","exField1":"退休人员","exField2":"无","exField5":"无","career":"","post":""},{"columnId":33834,"siteId":38,"title":"蒋洪明","cnUrl":"http://ins.seu.edu.cn/jhm/list.htm","headerPic":"/_res/articleType/teacher_CN.jpg","exField1":"退休人员","exField2":"无","exField5":"无","career":"","post":""},{"columnId":41992,"siteId":38,"title":"金博楠","cnUrl":"http://ins.seu.edu.cn/jbn2/list.htm","headerPic":"/_upload/article/images/de/ac/330bb75e4f22af3c5cb402c7da74/63dcb3d5-4b3f-4bcd-a462-b8aa0152f4b6.jpg","exField1":"专任教师","exField2":"先进导航技术研究所","exField5":"讲师","career":"","post":""},{"columnId":31501,"siteId":38,"title":"金伟明","cnUrl":"http://ins.seu.edu.cn/jwm/list.htm","headerPic":"/_upload/article/images/4e/35/00d67450462297d594ecc1e74d58/51882b4f-0fd6-4d75-a686-02f1b5817865.jpg","exField1":"专任教师","exField2":"信息导航与智能测控研究所","exField5":"副教授","career":"","post":"硕士生导师"},{"columnId":38133,"siteId":38,"title":"姜卫平","cnUrl":"http://ins.seu.edu.cn/jwp/list.htm","headerPic":"/_res/articleType/teacher_CN.jpg","exField1":"兼职教授","exField2":"无","exField5":"无","career":"","post":""},{"columnId":31507,"siteId":38,"title":"金世俊","cnUrl":"http://ins.seu.edu.cn/jsj/list.htm","headerPic":"/_upload/article/images/03/0f/394005494829bb488eaffe10cce6/8d7ceeeb-fc0b-4685-9e4c-728be4a57492.jpg","exField1":"专任教师","exField2":"信息导航与智能测控研究所","exField5":"副教授","career":"","post":"硕士生导师"},{"columnId":33055,"siteId":38,"title":"况迎辉","cnUrl":"http://ins.seu.edu.cn/kyh/list.htm","headerPic":"/_upload/article/images/2b/c0/19f8ca2041859be713bc907b1f12/c8dc7757-e283-4ff0-a204-42806f5657f3.jpg","exField1":"专任教师","exField2":"机器人传感与控制技术研究所","exField5":"教授","career":"","post":"硕士生导师"},{"columnId":31411,"siteId":38,"title":"李潍","cnUrl":"http://ins.seu.edu.cn/lw/list.htm","headerPic":"/_upload/article/images/9a/51/3996cc2d43dbaabaf01d82af01a7/abc09c7e-9538-4c6a-8c61-e9db31e14443_s.jpg","exField1":"专任教师","exField2":"机器人传感与控制技术研究所","exField5":"副研究员","career":"","post":"硕士生导师、博士生导师"},{"columnId":31289,"siteId":38,"title":"刘澄玉","cnUrl":"http://ins.seu.edu.cn/lcy/list.htm","headerPic":"/_upload/article/images/bd/7e/698e703949be9d4961623d6bef9e/ec926885-853c-4360-a203-cd6eb4f4bda6_s.jpg","exField1":"专任教师","exField2":"机器人传感与控制技术研究所","exField5":"教授","career":"","post":"博士/硕士生导师"},{"columnId":31465,"siteId":38,"title":"李瑶","cnUrl":"http://ins.seu.edu.cn/ly/list.htm","headerPic":"/_upload/article/images/9f/d7/db68fae74a339d4def8ff09c9472/e2396355-d937-434d-8163-93429a7b773e.jpg","exField1":"专任教师","exField2":"先进导航技术研究所","exField5":"副教授","career":"","post":""},{"columnId":31474,"siteId":38,"title":"李宏生","cnUrl":"http://ins.seu.edu.cn/lhs/list.htm","headerPic":"/_upload/article/images/ed/34/3e43608945ed86ed99e3415634b6/6338b95e-c913-4182-9bbd-4a2d805b4ba3_s_s.jpg","exField1":"专任教师","exField2":"微惯性系统及器件研究所","exField5":"教授","career":"","post":"博士生导师，硕士生导师"},{"columnId":31525,"siteId":38,"title":"刘莹","cnUrl":"http://ins.seu.edu.cn/ly_31525/list.htm","headerPic":"/_upload/article/images/c0/c6/c5dd7b3b4356831551571333c966/f4c26288-e739-4836-89d8-a8149934f29c_s.jpg","exField1":"实验岗教师","exField2":"无","exField5":"无","career":"","post":""},{"columnId":31486,"siteId":38,"title":"梁金星","cnUrl":"http://ins.seu.edu.cn/ljx/list.htm","headerPic":"/_upload/article/images/43/d1/839f03c8484ea44635de4c4feafc/755305a0-bbea-4cba-a0c1-f429fc36f27e_s_s.jpg","exField1":"专任教师","exField2":"微惯性系统及器件研究所","exField5":"教授","career":"","post":"博士生导师 硕士生导师"},{"columnId":33804,"siteId":38,"title":"李绍成","cnUrl":"http://ins.seu.edu.cn/lsc/list.htm","headerPic":"/_res/articleType/teacher_CN.jpg","exField1":"退休人员","exField2":"无","exField5":"无","career":"","post":""},{"columnId":50492,"siteId":38,"title":"李煊鹏","cnUrl":"http://ins.seu.edu.cn/lxp/list.htm","headerPic":"/_upload/article/images/d7/93/b37e55cc4db58c48cc1ac204b587/021dde37-5ae1-4b2f-8513-669767460d21.jpg","exField1":"专任教师","exField2":"汽车安全技术与虚拟现实研究所","exField5":"副教授","career":"","post":"院长助理"},{"columnId":38115,"siteId":38,"title":"罗群","cnUrl":"http://ins.seu.edu.cn/lq/list.htm","headerPic":"/_res/articleType/teacher_CN.jpg","exField1":"兼职教授","exField2":"无","exField5":"高工","career":"","post":""},{"columnId":31456,"siteId":38,"title":"刘锡祥","cnUrl":"http://ins.seu.edu.cn/lxx/list.htm","headerPic":"/_upload/article/images/15/98/830667fa4db28243b6b33da7f1f5/e6a59671-fb30-4e2f-b75c-ce3418c47fbd.jpg","exField1":"专任教师","exField2":"先进导航技术研究所","exField5":"教授","career":"","post":"博士生导师，硕士生导师"},{"columnId":33265,"siteId":38,"title":"李建清","cnUrl":"http://ins.seu.edu.cn/ljq/list.htm","headerPic":"/_res/articleType/teacher_CN.jpg","exField1":"兼职教授","exField2":"无","exField5":"无","career":"","post":"博士生导师，硕士生导师"},{"columnId":31414,"siteId":38,"title":"李钰雯","cnUrl":"http://ins.seu.edu.cn/lyw/list.htm","headerPic":"/_upload/article/images/42/03/c5076b854f6cbb5b161970e3576d/634101bf-a3f7-4775-bc7d-66c2e6c99adc.jpg","exField1":"专任教师","exField2":"机器人传感与控制技术研究所","exField5":"副教授","career":"","post":""},{"columnId":31432,"siteId":38,"title":"李旭","cnUrl":"http://ins.seu.edu.cn/lx/list.htm","headerPic":"/_upload/article/images/15/91/c3698c8247f79a616c3ae4d08fec/70f1b912-d900-4dbf-8f64-8e818ec5cd28.jpg","exField1":"专任教师","exField2":"汽车安全技术与虚拟现实研究所","exField5":"教授","career":"","post":"博士生导师，硕士生导师"},{"columnId":31489,"siteId":38,"title":"李坤宇","cnUrl":"http://ins.seu.edu.cn/lky/list.htm","headerPic":"/_upload/article/images/f0/60/c145a24d44eabf2d93195a425685/096f6504-54b1-4a16-846a-21cf3fe8b5d5.jpg","exField1":"退休人员","exField2":"无","exField5":"无","career":"","post":""},{"columnId":33864,"siteId":38,"title":"刘璟","cnUrl":"http://ins.seu.edu.cn/lj/list.htm","headerPic":"/_res/articleType/teacher_CN.jpg","exField1":"退休人员","exField2":"无","exField5":"无","career":"","post":""},{"columnId":31396,"siteId":38,"title":"李会军","cnUrl":"http://ins.seu.edu.cn/lhj/list.htm","headerPic":"/_upload/article/images/d8/79/a347f1a14e7bbe96fa972e06a893/0ac847e9-1ae9-4d0c-9eac-02e78d7c042b.jpg","exField1":"专任教师","exField2":"机器人传感与控制技术研究所","exField5":"教授","career":"","post":"博士生导师，硕士生导师"},{"columnId":33290,"siteId":38,"title":"孟骞","cnUrl":"http://ins.seu.edu.cn/mq1/list.htm","headerPic":"/_upload/article/images/8d/78/487310404240b5f7a3d380446b6a/3542b2de-7cf8-4bc2-b1a8-de8dcd42883e.jpg","exField1":"专任教师","exField2":"信息导航与智能测控研究所","exField5":"副教授","career":"","post":"硕士生导师"},{"columnId":31423,"siteId":38,"title":"莫凌飞","cnUrl":"http://ins.seu.edu.cn/mlf/list.htm","headerPic":"/_upload/article/images/3b/32/6199e54541b5a46efabded8f7110/d1ae87be-f67c-4837-8b91-2637e505e9b8.jpg","exField1":"专任教师","exField2":"空间信息与导航定位研究所","exField5":"副教授","career":"","post":"博士生导师，硕士生导师"},{"columnId":34000,"siteId":38,"title":"毛志成","cnUrl":"http://ins.seu.edu.cn/mzc/list.htm","headerPic":"/_upload/article/images/71/7b/7b1a376b40bca758c63bf78069f2/313e4448-730c-4faa-a783-b05f02a6c181.jpg","exField1":"实验岗教师","exField2":"无","exField5":"无","career":"","post":""},{"columnId":46867,"siteId":38,"title":"孟晓林","cnUrl":"http://ins.seu.edu.cn/mxl/list.htm","headerPic":"/_res/articleType/teacher_CN.jpg","exField1":"无","exField2":"无","exField5":"无","career":"","post":""},{"columnId":31498,"siteId":38,"title":"倪江生","cnUrl":"http://ins.seu.edu.cn/njs/list.htm","headerPic":"/_upload/article/images/9c/68/23d4c85a416ba583c0a68689a58a/c102fa38-1b41-42b2-b8d9-a2034d57e842.jpg","exField1":"退休人员","exField2":"无","exField5":"无","career":"","post":"硕士生导师"},{"columnId":33855,"siteId":38,"title":"潘伟","cnUrl":"http://ins.seu.edu.cn/pw/list.htm","headerPic":"/_res/articleType/teacher_CN.jpg","exField1":"退休人员","exField2":"无","exField5":null,"career":"","post":""},{"columnId":31248,"siteId":38,"title":"彭袁圆","cnUrl":"http://ins.seu.edu.cn/pyy/list.htm","headerPic":"/_upload/article/images/e5/64/cd46883d4db484edab9e32f940d6/a764507d-9c27-4fb1-b0e3-c3157f160534.jpg","exField1":"行政管理人员","exField2":"无","exField5":null,"career":"","post":"专职辅导员"},{"columnId":31292,"siteId":38,"title":"潘树国","cnUrl":"http://ins.seu.edu.cn/psg/list.htm","headerPic":"/_upload/article/images/55/96/d17886344010a7dc3118d13dd9d9/6d9d434f-8d92-41c9-8474-12da6a0a6470.jpg","exField1":"专任教师","exField2":"空间信息与导航定位研究所","exField5":"教授","career":"","post":"博士生导师，硕士生导师"},{"columnId":33858,"siteId":38,"title":"邱实","cnUrl":"http://ins.seu.edu.cn/qs/list.htm","headerPic":"/_res/articleType/teacher_CN.jpg","exField1":"退休人员","exField2":"无","exField5":"无","career":"","post":""},{"columnId":33061,"siteId":38,"title":"秦文虎","cnUrl":"http://ins.seu.edu.cn/qwh/list.htm","headerPic":"/_upload/article/images/2c/1b/cf342e904fdf8a6a68d83546ca0c/f7a0847c-1c6e-4868-a5a4-d5741da83ad8.jpg","exField1":"专任教师","exField2":"汽车安全技术与虚拟现实研究所","exField5":"教授","career":"","post":"博士生导师，硕士生导师"},{"columnId":31534,"siteId":38,"title":"宋爱国","cnUrl":"http://ins.seu.edu.cn/sag1/list.htm","headerPic":"/_upload/article/images/98/dc/84d83cad4772bc0a6a3ca28c086b/81402f65-8786-4833-9f7d-1a8b70f385cc.jpg","exField1":"专任教师","exField2":"机器人传感与控制技术研究所","exField5":"教授","career":"","post":"博士生导师，硕士生导师"},{"columnId":31381,"siteId":38,"title":"宋光明","cnUrl":"http://ins.seu.edu.cn/sgm/list.htm","headerPic":"/_upload/article/images/13/c4/45a134c7477eb2051a3bd7ce25a8/836a7518-7f25-4c6e-bdeb-69c4cd95c07f.jpg","exField1":"专任教师","exField2":"机器人传感与控制技术研究所","exField5":"教授","career":"","post":"博士生导师，硕士生导师"},{"columnId":31435,"siteId":38,"title":"孙利生","cnUrl":"http://ins.seu.edu.cn/sls/list.htm","headerPic":"/_upload/article/images/a3/08/60af002a4188b50dee9e68592280/c951865d-5848-4f38-9803-e7fedc2567c8.jpg","exField1":"专任教师","exField2":"汽车安全技术与虚拟现实研究所","exField5":"副教授","career":"","post":"硕士生导师"},{"columnId":31438,"siteId":38,"title":"孙立博","cnUrl":"http://ins.seu.edu.cn/slb/list.htm","headerPic":"/_upload/article/images/bb/9a/4b8016ab4e0db4fc2e6414dc441f/d6add2e3-2c71-4369-8f14-00ca4c4496a2.jpg","exField1":"专任教师","exField2":"汽车安全技术与虚拟现实研究所","exField5":"副教授","career":"","post":"硕士生导师"},{"columnId":33813,"siteId":38,"title":"隋绍昆","cnUrl":"http://ins.seu.edu.cn/ssk/list.htm","headerPic":"/_res/articleType/teacher_CN.jpg","exField1":"退休人员","exField2":"无","exField5":"高工","career":"","post":""},{"columnId":31239,"siteId":38,"title":"沈建翔","cnUrl":"http://ins.seu.edu.cn/sjx/list.htm","headerPic":"/_upload/article/images/fb/80/654be6884c848018daa867604f7f/e169021d-8ded-4063-828d-e32cf44c1ea3.jpg","exField1":"退休人员","exField2":"无","exField5":"无","career":"","post":""},{"columnId":33843,"siteId":38,"title":"唐燕","cnUrl":"http://ins.seu.edu.cn/ty/list.htm","headerPic":"/_res/articleType/teacher_CN.jpg","exField1":"退休人员","exField2":"无","exField5":"工程师","career":"","post":""},{"columnId":33810,"siteId":38,"title":"陶人仪","cnUrl":"http://ins.seu.edu.cn/try/list.htm","headerPic":"/_res/articleType/teacher_CN.jpg","exField1":"退休人员","exField2":"无","exField5":"无","career":"","post":""},{"columnId":50500,"siteId":38,"title":"汤新华","cnUrl":"http://ins.seu.edu.cn/txh/list.htm","headerPic":"/_upload/article/images/df/48/1cacb3e94666affbf36ecb85139d/1fe743ee-79a3-4903-9eae-6781de09a163.jpg","exField1":"专任教师","exField2":"先进导航技术研究所","exField5":"副教授","career":"","post":"硕士生导师"},{"columnId":51719,"siteId":38,"title":"陶贤露","cnUrl":"http://ins.seu.edu.cn/txl1/list.htm","headerPic":"/_upload/article/images/31/32/bc74ad074f0a8e731e4d2993c086/da9609a3-25dc-4afd-a83d-71c184150053.jpg","exField1":"专任教师","exField2":"空间信息与导航定位研究所","exField5":"讲师","career":"","post":"硕士生导师"},{"columnId":31417,"siteId":38,"title":"王庆","cnUrl":"http://ins.seu.edu.cn/wq/list.htm","headerPic":"/_upload/article/images/52/28/c396980a4686aa555de67470bb9e/d09cc3bd-c363-4af7-81c7-79abfff6c8b7_s_s_s.jpg","exField1":"专任教师","exField2":"空间信息与导航定位研究所","exField5":"教授","career":"","post":"博士生导师"},{"columnId":31519,"siteId":38,"title":"王澄非","cnUrl":"http://ins.seu.edu.cn/wcf/list.htm","headerPic":"/_upload/article/images/b4/c5/6816083140cdb6447b24f6911e90/ca379560-9b16-47c7-a5c2-50485b9c2e3a.jpg","exField1":"实验岗教师","exField2":"无","exField5":"无","career":"","post":"硕士生导师"},{"columnId":33849,"siteId":38,"title":"王寿荣","cnUrl":"http://ins.seu.edu.cn/wsr/list.htm","headerPic":"/_res/articleType/teacher_CN.jpg","exField1":"退休人员","exField2":"无","exField5":"无","career":"","post":""},{"columnId":49972,"siteId":38,"title":"吴紫芯","cnUrl":"http://ins.seu.edu.cn/wzx/list.htm","headerPic":"/_res/articleType/teacher_CN.jpg","exField1":"行政管理人员","exField2":"无","exField5":"无","career":"","post":""},{"columnId":31236,"siteId":38,"title":"王蓉","cnUrl":"http://ins.seu.edu.cn/wr/list.htm","headerPic":"/_upload/article/images/24/ac/80347e184fb0960b002f9fe3ee8a/a7a6baf5-9010-4d09-bea0-80c1158d72d6_s_s.jpg","exField1":"行政管理人员","exField2":"无","exField5":null,"career":"","post":""},{"columnId":31393,"siteId":38,"title":"吴剑锋","cnUrl":"http://ins.seu.edu.cn/wjf/list.htm","headerPic":"/_upload/article/images/e9/83/97e6808c445ba7733647755c951d/7825d10a-d5c2-4a49-b849-d30ebdb53153.jpg","exField1":"专任教师","exField2":"机器人传感与控制技术研究所","exField5":"副研究员","career":"","post":"硕士生导师"},{"columnId":33064,"siteId":38,"title":"吴涓","cnUrl":"http://ins.seu.edu.cn/wj_33064/list.htm","headerPic":"/_upload/article/images/d4/67/840113424467a7fcc8e135050d9f/8d6c7c10-4531-4a04-a5ad-1d32df4a8d6d.jpg","exField1":"专任教师","exField2":"机器人传感与控制技术研究所","exField5":"教授","career":"","post":"博士生导师，硕士生导师"},{"columnId":50503,"siteId":38,"title":"王  东","cnUrl":"http://ins.seu.edu.cn/w  d/list.htm","headerPic":"/_upload/article/images/04/21/987cbe5c4da182e234e2e09f9810/b3e884e4-8ab0-4487-baeb-46c9cfbb1b86.jpg","exField1":"专任教师","exField2":"汽车安全技术与虚拟现实研究所","exField5":"副教授","career":"","post":"硕士生导师"},{"columnId":33822,"siteId":38,"title":"王明峰","cnUrl":"http://ins.seu.edu.cn/wmf/list.htm","headerPic":"/_res/articleType/teacher_CN.jpg","exField1":"退休人员","exField2":"无","exField5":"无","career":"","post":""},{"columnId":31510,"siteId":38,"title":"王立辉","cnUrl":"http://ins.seu.edu.cn/wlh/list.htm","headerPic":"/_upload/article/images/9a/ca/7f3f11524939a78c46102a526444/2e4726eb-a6a6-46c5-b645-e0f66fd18427.jpg","exField1":"专任教师","exField2":"信息导航与智能测控研究所","exField5":"教授","career":"","post":"博士生导师，硕士生导师"},{"columnId":31286,"siteId":38,"title":"王军","cnUrl":"http://ins.seu.edu.cn/wj/list.htm","headerPic":"/_upload/article/images/b5/e9/1a985a634102b3b12bf14ce19d52/0a0cfe85-8471-4de7-b8f1-3e242ecc9c40.jpg","exField1":"行政管理人员","exField2":"无","exField5":"无","career":"","post":""},{"columnId":31462,"siteId":38,"title":"吴峻","cnUrl":"http://ins.seu.edu.cn/wj_4218/list.htm","headerPic":"/_res/articleType/teacher_CN.jpg","exField1":"专任教师","exField2":"先进导航技术研究所","exField5":"副教授","career":"","post":"硕士生导师"},{"columnId":31516,"siteId":38,"title":"王鹏","cnUrl":"http://ins.seu.edu.cn/wp/list.htm","headerPic":"/_upload/article/images/33/29/6977874841cba05fc41a84bf6acf/e3dc3cf2-1666-4dab-acf8-deb710d04c6c.jpg","exField1":"专任教师","exField2":"信息导航与智能测控研究所","exField5":"讲师","career":"","post":""},{"columnId":31531,"siteId":38,"title":"王爱民","cnUrl":"http://ins.seu.edu.cn/wam/list.htm","headerPic":"/_upload/article/images/7a/92/50ba4e314e179de6c86f775efc81/8755233d-7944-4f19-9485-34376d2c01ca.jpg","exField1":"专任教师","exField2":"机器人传感与控制技术研究所","exField5":"教授","career":"","post":"博士生导师，硕士生导师"},{"columnId":33801,"siteId":38,"title":"万宝騑","cnUrl":"http://ins.seu.edu.cn/wbf/list.htm","headerPic":"/_res/articleType/teacher_CN.jpg","exField1":"退休人员","exField2":"无","exField5":"无","career":"","post":""},{"columnId":37967,"siteId":38,"title":"王盼冰","cnUrl":"http://ins.seu.edu.cn/wpb/list.htm","headerPic":"/_upload/article/images/02/0c/ba0f89834958b2e380357353c6f2/a6a8bd6d-0d8a-4588-b659-9623d7b343ba.jpg","exField1":"专任教师","exField2":"创新研究所","exField5":"副研究员","career":"","post":""},{"columnId":32528,"siteId":38,"title":"王慧青","cnUrl":"http://ins.seu.edu.cn/whq/list.htm","headerPic":"/_upload/article/images/72/27/26c1534e4d67879e24a6b2516acf/42b24d65-c192-48e5-abc0-dbb380d5c76a.jpg","exField1":"专任教师","exField2":"空间信息与导航定位研究所","exField5":"副研究员","career":"","post":"硕士生导师"},{"columnId":37978,"siteId":38,"title":"王智","cnUrl":"http://ins.seu.edu.cn/wz/list.htm","headerPic":"/_res/articleType/teacher_CN.jpg","exField1":"兼职教授","exField2":"无","exField5":"无","career":"","post":""},{"columnId":33807,"siteId":38,"title":"王淑凤","cnUrl":"http://ins.seu.edu.cn/wsf/list.htm","headerPic":"/_res/articleType/teacher_CN.jpg","exField1":"退休人员","exField2":"无","exField5":"无","career":"","post":""},{"columnId":31405,"siteId":38,"title":"文辞","cnUrl":"http://ins.seu.edu.cn/wc/list.htm","headerPic":"/_upload/article/images/99/bf/f2431fd4426ca623f1b1b9cc3af7/12e758ef-73c3-4589-b9b0-fa07166ed0d4_s.jpg","exField1":"退休人员","exField2":"无","exField5":"无","career":"","post":""},{"columnId":31251,"siteId":38,"title":"王玮","cnUrl":"http://ins.seu.edu.cn/ww/list.htm","headerPic":"/_upload/article/images/88/62/5176aeb6499498224f0baab0d96f/a52445e7-68e6-4d01-bd62-868e22953c56_s_s_s_s_s_s.jpg","exField1":"行政管理人员","exField2":"无","exField5":null,"career":"","post":""},{"columnId":41324,"siteId":38,"title":"许国昌","cnUrl":"http://ins.seu.edu.cn/xgc1/list.htm","headerPic":"/_upload/article/images/a8/cd/6b588a0f462b809dc2d3acbceafb/38fe4ed3-d3ed-460f-8f13-8206b68a61f3.png","exField1":"兼职教授","exField2":"无","exField5":"博士生导师","career":"","post":""},{"columnId":31480,"siteId":38,"title":"夏敦柱","cnUrl":"http://ins.seu.edu.cn/xdz/list.htm","headerPic":"/_res/articleType/teacher_CN.jpg","exField1":"专任教师","exField2":"微惯性系统及器件研究所","exField5":"教授","career":"","post":"博士生导师，硕士生导师"},{"columnId":31444,"siteId":38,"title":"徐启敏","cnUrl":"http://ins.seu.edu.cn/xqm/list.htm","headerPic":"/_upload/article/images/c0/69/c2e9b37c4e049d4ebf10147c9476/f77da0b3-6164-4676-a9ef-919df175d49c.jpg","exField1":"专任教师","exField2":"汽车安全技术与虚拟现实研究所","exField5":"副教授","career":"","post":"硕士生导师"},{"columnId":31399,"siteId":38,"title":"徐佳文","cnUrl":"http://ins.seu.edu.cn/xjw/list.htm","headerPic":"/_upload/article/images/b0/1d/2e66835e495487428ccd44d1f10b/b01c58d7-a3dc-4a72-b88e-9e5686ac2ea6.jpg","exField1":"专任教师","exField2":"机器人传感与控制技术研究所","exField5":"副教授","career":"","post":"博士生导师"},{"columnId":50692,"siteId":38,"title":"谢进进","cnUrl":"http://ins.seu.edu.cn/xjj/list.htm","headerPic":"/_upload/article/images/6c/fb/8f4025be4a4486f0a5fae4e91846/d00191fe-f390-4b6b-9440-2255e7b51314.jpg","exField1":"专任教师","exField2":"创新研究所","exField5":"副研究员 硕士生导师","career":"","post":""},{"columnId":33792,"siteId":38,"title":"徐凤祥","cnUrl":"http://ins.seu.edu.cn/xfx/list.htm","headerPic":"/_res/articleType/teacher_CN.jpg","exField1":"退休人员","exField2":"无","exField5":"无","career":"","post":""},{"columnId":31384,"siteId":38,"title":"徐宝国","cnUrl":"http://ins.seu.edu.cn/xbg/list.htm","headerPic":"/_upload/article/images/65/51/36c8d7ac46cea3c435e8b8095bde/4781eef5-073f-4440-877a-0aa23bd31481_s.jpg","exField1":"专任教师","exField2":"机器人传感与控制技术研究所","exField5":"教授","career":"","post":"博士生导师，硕士生导师"},{"columnId":49981,"siteId":38,"title":"邢彦涛","cnUrl":"http://ins.seu.edu.cn/xyt/list.htm","headerPic":"/_res/articleType/teacher_CN.jpg","exField1":"博士后","exField2":"无","exField5":"无","career":"","post":""},{"columnId":31447,"siteId":38,"title":"徐晓苏","cnUrl":"http://ins.seu.edu.cn/xxs/list.htm","headerPic":"/_upload/article/images/64/4b/2ede31a244419d280ab462e66461/a488f6a9-e030-4985-83cd-6ed4f117ca83_s.jpg","exField1":"专任教师","exField2":"先进导航技术研究所","exField5":"教授","career":"","post":"博士生导师，硕士生导师"},{"columnId":38118,"siteId":38,"title":"熊盛青","cnUrl":"http://ins.seu.edu.cn/xsq/list.htm","headerPic":"/_res/articleType/teacher_CN.jpg","exField1":"兼职教授","exField2":"无","exField5":"高工","career":"","post":""},{"columnId":33831,"siteId":38,"title":"严振祥","cnUrl":"http://ins.seu.edu.cn/yzx/list.htm","headerPic":"/_res/articleType/teacher_CN.jpg","exField1":"退休人员","exField2":"无","exField5":"无","career":"","post":""},{"columnId":33268,"siteId":38,"title":"严如强","cnUrl":"http://ins.seu.edu.cn/yrq/list.htm","headerPic":"/_upload/article/images/9c/37/c91f50fa43d09c2a16923a11723a/b3b652cd-3643-467c-935c-174b8f8f8dd9.jpg","exField1":"兼职教授","exField2":"无","exField5":"无","career":"","post":"博士生导师，硕士生导师"},{"columnId":37975,"siteId":38,"title":"蔚保国","cnUrl":"http://ins.seu.edu.cn/ybg/list.htm","headerPic":"/_res/articleType/teacher_CN.jpg","exField1":"兼职教授","exField2":"无","exField5":"无","career":"","post":""},{"columnId":41316,"siteId":38,"title":"杨缘","cnUrl":"http://ins.seu.edu.cn/yy2/list.htm","headerPic":"/_upload/article/images/37/e6/a3c447c846ffbe924b970d7c0d3e/247b5255-0779-4ada-b69b-64d18171404f.jpg","exField1":"专任教师","exField2":"机器人传感与控制技术研究所","exField5":"副研究员","career":"","post":""},{"columnId":31471,"siteId":38,"title":"姚逸卿","cnUrl":"http://ins.seu.edu.cn/yyq/list.htm","headerPic":"/_upload/article/images/1f/8b/ce1d90df4239ac3b0edfd0b8327b/1cb56fe8-daef-4146-a3a5-7af2cc68ad6f.jpg","exField1":"专任教师","exField2":"先进导航技术研究所","exField5":"副教授","career":"","post":"博士/硕士生导师"},{"columnId":31426,"siteId":38,"title":"阳媛","cnUrl":"http://ins.seu.edu.cn/yy/list.htm","headerPic":"/_upload/article/images/e2/35/66bef30049c1a49804605ca2b467/ff85575b-3b1e-440d-bad8-e281a828c00a_s_s_s.jpg","exField1":"专任教师","exField2":"空间信息与导航定位研究所","exField5":"副教授","career":"","post":"硕士生导师"},{"columnId":47010,"siteId":38,"title":"闫晣","cnUrl":"http://ins.seu.edu.cn/yz/list.htm","headerPic":"/_upload/article/images/3d/eb/25b9b63c4a7db0afca484109348c/94fda800-29aa-4415-b7ff-ddc06765beb2.jpg","exField1":"专任教师","exField2":"先进导航技术研究所","exField5":"讲师","career":"","post":""},{"columnId":31483,"siteId":38,"title":"杨波","cnUrl":"http://ins.seu.edu.cn/yb/list.htm","headerPic":"/_upload/article/images/1c/a1/36a5655842ef8792c5d0a51dce70/9476bda6-8191-4e84-9643-9380af4deb7d.jpg","exField1":"专任教师","exField2":"微惯性系统及器件研究所","exField5":"教授","career":"","post":"博士生导师，硕士生导师"},{"columnId":31310,"siteId":38,"title":"杨晨熙","cnUrl":"http://ins.seu.edu.cn/ycx/list.htm","headerPic":"/_upload/article/images/7c/3c/3373328044eeab91c1d745aa8b15/75436623-37ad-463c-9ff0-5db664550776.jpg","exField1":"专任教师","exField2":"机器人传感与控制技术研究所","exField5":"副教授","career":"","post":"硕士生导师、博士生导师"},{"columnId":34030,"siteId":38,"title":"颜昌","cnUrl":"http://ins.seu.edu.cn/yc1/list.htm","headerPic":"/_upload/article/images/62/67/18d9b9aa480693567ae9383a1997/39e06910-6f66-447e-a58a-11f43b99e952_s_s_s_s.jpg","exField1":"博士后","exField2":"无","exField5":"无","career":"","post":""},{"columnId":33837,"siteId":38,"title":"周百令","cnUrl":"http://ins.seu.edu.cn/zbl/list.htm","headerPic":"/_res/articleType/teacher_CN.jpg","exField1":"退休人员","exField2":"无","exField5":"无","career":"","post":""},{"columnId":31295,"siteId":38,"title":"祝雪芬","cnUrl":"http://ins.seu.edu.cn/zxf/list.htm","headerPic":"/_upload/article/images/0b/7c/a18a0ecb400c8768a5f79cb66cfb/c4d0ce54-920a-417d-8d78-db7ed0060a88.png","exField1":"专任教师","exField2":"先进导航技术研究所","exField5":"教授","career":"","post":"博士生导师、硕士生导师"},{"columnId":46870,"siteId":38,"title":"张亮","cnUrl":"http://ins.seu.edu.cn/zl/list.htm","headerPic":"/_upload/article/images/cf/ab/65a716854216903593a252164a0c/77160583-e63f-45f8-bbc3-1873efc1ca15.jpg","exField1":"专任教师","exField2":"无","exField5":"讲师","career":"","post":"硕士生导师"},{"columnId":31307,"siteId":38,"title":"周晓晶","cnUrl":"http://ins.seu.edu.cn/zxj/list.htm","headerPic":"/_upload/article/images/d2/91/71891c134b33999efa0ed724cdc5/79274f3e-55a9-4808-b6f0-0dfc0b2e916b.jpg","exField1":"专任教师","exField2":"汽车安全技术与虚拟现实研究所","exField5":"副教授","career":"","post":"硕士生导师"},{"columnId":37954,"siteId":38,"title":"赵庆","cnUrl":"http://ins.seu.edu.cn/zq2/list.htm","headerPic":"/_upload/article/images/f5/1e/83e0cf96433bae360a9ac740790c/573594b6-eb17-4139-9108-eaa57870f974.jpg","exField1":"博士后","exField2":"无","exField5":"无","career":"","post":""},{"columnId":49978,"siteId":38,"title":"张羽佳","cnUrl":"http://ins.seu.edu.cn/zyj/list.htm","headerPic":"/_upload/article/images/6f/03/b54c9479419f9d01d1179d3f24ad/953e32ad-5ef7-470c-aa6b-c016927edc85.jpg","exField1":"博士后","exField2":"无","exField5":"无","career":"","post":""},{"columnId":32531,"siteId":38,"title":"祝学云","cnUrl":"http://ins.seu.edu.cn/zxy/list.htm","headerPic":"/_upload/article/images/1c/82/cb25cdae4973a99b94ad02c3c6b2/0d95ff30-b7b4-4a61-9b96-0bc7e5a1da68.jpg","exField1":"退休人员","exField2":"无","exField5":"无","career":"","post":""},{"columnId":38001,"siteId":38,"title":"仲点石","cnUrl":"http://ins.seu.edu.cn/zds/list.htm","headerPic":"/_upload/article/images/93/41/eb32a9144296af876c85932930ec/abea507c-1ef8-46e0-a460-b2ac93d5745d.jpg","exField1":"行政管理人员","exField2":"无","exField5":"助教","career":"","post":"专职辅导员"},{"columnId":33058,"siteId":38,"title":"张为公","cnUrl":"http://ins.seu.edu.cn/zwg/list.htm","headerPic":"/_upload/article/images/82/1a/4926aa4a4ab9bf38b59c9baddf21/6844ece6-d4a2-4cd8-8866-cbb4586aad33.jpg","exField1":"专任教师","exField2":"汽车安全技术与虚拟现实研究所","exField5":"教授","career":"","post":"博士生导师，硕士生导师"},{"columnId":31504,"siteId":38,"title":"祝燕华","cnUrl":"http://ins.seu.edu.cn/zyh/list.htm","headerPic":"/_upload/article/images/9d/b0/f871f38841dfa6928e2c88cf0b32/3d58ec78-3284-4007-8b29-dccafd1a4401.jpg","exField1":"专任教师","exField2":"信息导航与智能测控研究所","exField5":"副教授","career":"","post":""},{"columnId":33259,"siteId":38,"title":"郑伟","cnUrl":"http://ins.seu.edu.cn/zw/list.htm","headerPic":"/_res/articleType/teacher_CN.jpg","exField1":"兼职教授","exField2":"无","exField5":"无","career":"","post":"博士生导师"},{"columnId":33828,"siteId":38,"title":"张燕娥","cnUrl":"http://ins.seu.edu.cn/zye/list.htm","headerPic":"/_res/articleType/teacher_CN.jpg","exField1":"退休人员","exField2":"无","exField5":"无","career":"","post":""},{"columnId":33287,"siteId":38,"title":"张彤","cnUrl":"http://ins.seu.edu.cn/zt_33287/list.htm","headerPic":"/_res/articleType/teacher_CN.jpg","exField1":"专任教师","exField2":"无","exField5":"教授","career":"","post":" 博士生导师，硕士生导师"},{"columnId":35536,"siteId":38,"title":"赵璐璐","cnUrl":"http://ins.seu.edu.cn/zll/list.htm","headerPic":"/_upload/article/images/6b/f2/6b79f7724a64b084f99b2469bdd3/d8ac38f9-f67b-4704-a23d-9e7d71487b46.jpg","exField1":"博士后","exField2":"无","exField5":"无","career":"","post":""},{"columnId":31420,"siteId":38,"title":"张小国","cnUrl":"http://ins.seu.edu.cn/zxg/list.htm","headerPic":"/_upload/article/images/52/3e/15d5e8ae4e0d9b4a06254cb66bd2/efe51a80-7fd6-4218-9ead-ce277efff509_s.jpg","exField1":"专任教师","exField2":"空间信息与导航定位研究所","exField5":"教授","career":"","post":"博士生导师，硕士生导师"},{"columnId":31301,"siteId":38,"title":"张军","cnUrl":"http://ins.seu.edu.cn/zj/list.htm","headerPic":"/_upload/article/images/18/48/b66e9c9841c6a5a2cc012fd37183/c12de7c9-fff3-45f4-a05d-86d2eba5162d_s.jpg","exField1":"专任教师","exField2":"机器人传感与控制技术研究所","exField5":"教授","career":"","post":"博士生导师，硕士生导师"},{"columnId":37951,"siteId":38,"title":"赵娜","cnUrl":"http://ins.seu.edu.cn/zn/list.htm","headerPic":"/_upload/article/images/22/da/0e0afc3245df96b06668fa296b8a/c11d6b24-106a-469f-a749-45f1922892cb.jpg","exField1":"博士后","exField2":"无","exField5":"无","career":"","post":""},{"columnId":31390,"siteId":38,"title":"朱利丰","cnUrl":"http://ins.seu.edu.cn/zlf/list.htm","headerPic":"/_upload/article/images/e5/4f/91c966c340ada286ed4639067de0/8037aaae-e8f9-422b-b4e3-33463f3c9a77.jpg","exField1":"专任教师","exField2":"机器人传感与控制技术研究所","exField5":"副教授","career":"","post":"博士生导师"},{"columnId":33819,"siteId":38,"title":"庄国奋","cnUrl":"http://ins.seu.edu.cn/zgf/list.htm","headerPic":"/_res/articleType/teacher_CN.jpg","exField1":"退休人员","exField2":"无","exField5":"高工","career":"","post":""},{"columnId":31245,"siteId":38,"title":"赵立业","cnUrl":"http://ins.seu.edu.cn/zly/list.htm","headerPic":"/_upload/article/images/2c/b8/b3949cb74a9591e17e70defaa1a4/99b0057b-df48-4f75-b815-62fa9d888c84_s.jpg","exField1":"专任教师","exField2":"微惯性系统及器件研究所","exField5":"教授","career":"","post":"博士生导师，硕士生导师"},{"columnId":34024,"siteId":38,"title":"朱青","cnUrl":"http://ins.seu.edu.cn/zq/list.htm","headerPic":"/_res/articleType/teacher_CN.jpg","exField1":"退休人员","exField2":"无","exField5":"无","career":"","post":""},{"columnId":33262,"siteId":38,"title":"赵春江","cnUrl":"http://ins.seu.edu.cn/zcj/list.htm","headerPic":"/_res/articleType/teacher_CN.jpg","exField1":"兼职教授","exField2":"无","exField5":"无","career":"","post":"博士生导师"},{"columnId":31459,"siteId":38,"title":"张涛","cnUrl":"http://ins.seu.edu.cn/zt/list.htm","headerPic":"/_upload/article/images/e8/86/cb28447d4bf3b77397d7d3aa82fa/71274b44-e5ae-40a5-be23-2479652b77e7.jpg","exField1":"专任教师","exField2":"先进导航技术研究所","exField5":"教授","career":"","post":"博士生导师，硕士生导师"}],"lastPageNum":138,"pageCount":1,"endExeTime":"1.66"}

